image_path,concentration,particle_size,iteration,polymer,monomer,monomer SMILES,refractive index polymer,solvent,solvent SMILES,solvent density g/ml,solvent refractive index
0.01con_109.51nm_ps_loop0.jpg,0.001,109.51,0,polystyrene,styrene (vinylbenzene),C=CC1=CC=CC=C1,1.59,water,O,1.0,1.33
0.01con_109.51nm_ps_loop1.jpg,0.001,109.51,1,polystyrene,styrene (vinylbenzene),C=CC1=CC=CC=C1,1.59,water,O,1.0,1.33
0.01con_109.51nm_ps_loop2.jpg,0.001,109.51,2,polystyrene,styrene (vinylbenzene),C=CC1=CC=CC=C1,1.59,water,O,1.0,1.33
0.01con_109.51nm_ps_loop3.jpg,0.001,109.51,3,polystyrene,styrene (vinylbenzene),C=CC1=CC=CC=C1,1.59,water,O,1.0,1.33
0.01con_109.51nm_ps_loop4.jpg,0.001,109.51,4,polystyrene,styrene (vinylbenzene),C=CC1=CC=CC=C1,1.59,water,O,1.0,1.33
0.01con_160.53nm_ps_loop0.jpg,0.001,160.53,0,polystyrene,styrene (vinylbenzene),C=CC1=CC=CC=C1,1.59,water,O,1.0,1.33
0.01con_160.53nm_ps_loop1.jpg,0.001,160.53,1,polystyrene,styrene (vinylbenzene),C=CC1=CC=CC=C1,1.59,water,O,1.0,1.33
0.01con_160.53nm_ps_loop2.jpg,0.001,160.53,2,polystyrene,styrene (vinylbenzene),C=CC1=CC=CC=C1,1.59,water,O,1.0,1.33
0.01con_160.53nm_ps_loop3.jpg,0.001,160.53,3,polystyrene,styrene (vinylbenzene),C=CC1=CC=CC=C1,1.59,water,O,1.0,1.33
0.01con_160.53nm_ps_loop4.jpg,0.001,160.53,4,polystyrene,styrene (vinylbenzene),C=CC1=CC=CC=C1,1.59,water,O,1.0,1.33
0.01con_217.2nm_ps_loop0.jpg,0.001,217.2,0,polystyrene,styrene (vinylbenzene),C=CC1=CC=CC=C1,1.59,water,O,1.0,1.33
0.01con_217.2nm_ps_loop1.jpg,0.001,217.2,1,polystyrene,styrene (vinylbenzene),C=CC1=CC=CC=C1,1.59,water,O,1.0,1.33
0.01con_217.2nm_ps_loop2.jpg,0.001,217.2,2,polystyrene,styrene (vinylbenzene),C=CC1=CC=CC=C1,1.59,water,O,1.0,1.33
0.01con_217.2nm_ps_loop3.jpg,0.001,217.2,3,polystyrene,styrene (vinylbenzene),C=CC1=CC=CC=C1,1.59,water,O,1.0,1.33
0.01con_217.2nm_ps_loop4.jpg,0.001,217.2,4,polystyrene,styrene (vinylbenzene),C=CC1=CC=CC=C1,1.59,water,O,1.0,1.33
0.01con_23.96nm_ps_loop0.jpg,0.001,23.96,0,polystyrene,styrene (vinylbenzene),C=CC1=CC=CC=C1,1.59,water,O,1.0,1.33
0.01con_23.96nm_ps_loop1.jpg,0.001,23.96,1,polystyrene,styrene (vinylbenzene),C=CC1=CC=CC=C1,1.59,water,O,1.0,1.33
0.01con_23.96nm_ps_loop2.jpg,0.001,23.96,2,polystyrene,styrene (vinylbenzene),C=CC1=CC=CC=C1,1.59,water,O,1.0,1.33
0.01con_23.96nm_ps_loop3.jpg,0.001,23.96,3,polystyrene,styrene (vinylbenzene),C=CC1=CC=CC=C1,1.59,water,O,1.0,1.33
0.01con_23.96nm_ps_loop4.jpg,0.001,23.96,4,polystyrene,styrene (vinylbenzene),C=CC1=CC=CC=C1,1.59,water,O,1.0,1.33
0.01con_252.91nm_ps_loop0.jpg,0.001,252.91,0,polystyrene,styrene (vinylbenzene),C=CC1=CC=CC=C1,1.59,water,O,1.0,1.33
0.01con_252.91nm_ps_loop1.jpg,0.001,252.91,1,polystyrene,styrene (vinylbenzene),C=CC1=CC=CC=C1,1.59,water,O,1.0,1.33
0.01con_252.91nm_ps_loop2.jpg,0.001,252.91,2,polystyrene,styrene (vinylbenzene),C=CC1=CC=CC=C1,1.59,water,O,1.0,1.33
0.01con_252.91nm_ps_loop3.jpg,0.001,252.91,3,polystyrene,styrene (vinylbenzene),C=CC1=CC=CC=C1,1.59,water,O,1.0,1.33
0.01con_252.91nm_ps_loop4.jpg,0.001,252.91,4,polystyrene,styrene (vinylbenzene),C=CC1=CC=CC=C1,1.59,water,O,1.0,1.33
0.01con_322.91nm_PS_loop0.jpg,0.001,322.91,0,polystyrene,styrene (vinylbenzene),C=CC1=CC=CC=C1,1.59,water,O,1.0,1.33
0.01con_322.91nm_PS_loop1.jpg,0.001,322.91,1,polystyrene,styrene (vinylbenzene),C=CC1=CC=CC=C1,1.59,water,O,1.0,1.33
0.01con_322.91nm_PS_loop2.jpg,0.001,322.91,2,polystyrene,styrene (vinylbenzene),C=CC1=CC=CC=C1,1.59,water,O,1.0,1.33
0.01con_322.91nm_PS_loop3.jpg,0.001,322.91,3,polystyrene,styrene (vinylbenzene),C=CC1=CC=CC=C1,1.59,water,O,1.0,1.33
0.01con_322.91nm_PS_loop4.jpg,0.001,322.91,4,polystyrene,styrene (vinylbenzene),C=CC1=CC=CC=C1,1.59,water,O,1.0,1.33
0.01con_34.01nm_ps_loop0.jpg,0.001,34.01,0,polystyrene,styrene (vinylbenzene),C=CC1=CC=CC=C1,1.59,water,O,1.0,1.33
0.01con_34.01nm_ps_loop1.jpg,0.001,34.01,1,polystyrene,styrene (vinylbenzene),C=CC1=CC=CC=C1,1.59,water,O,1.0,1.33
0.01con_34.01nm_ps_loop2.jpg,0.001,34.01,2,polystyrene,styrene (vinylbenzene),C=CC1=CC=CC=C1,1.59,water,O,1.0,1.33
0.01con_34.01nm_ps_loop3.jpg,0.001,34.01,3,polystyrene,styrene (vinylbenzene),C=CC1=CC=CC=C1,1.59,water,O,1.0,1.33
0.01con_34.01nm_ps_loop4.jpg,0.001,34.01,4,polystyrene,styrene (vinylbenzene),C=CC1=CC=CC=C1,1.59,water,O,1.0,1.33
0.01con_360.53nm_ps_loop0.jpg,0.001,360.53,0,polystyrene,styrene (vinylbenzene),C=CC1=CC=CC=C1,1.59,water,O,1.0,1.33
0.01con_360.53nm_ps_loop1.jpg,0.001,360.53,1,polystyrene,styrene (vinylbenzene),C=CC1=CC=CC=C1,1.59,water,O,1.0,1.33
0.01con_360.53nm_ps_loop2.jpg,0.001,360.53,2,polystyrene,styrene (vinylbenzene),C=CC1=CC=CC=C1,1.59,water,O,1.0,1.33
0.01con_360.53nm_ps_loop3.jpg,0.001,360.53,3,polystyrene,styrene (vinylbenzene),C=CC1=CC=CC=C1,1.59,water,O,1.0,1.33
0.01con_360.53nm_ps_loop4.jpg,0.001,360.53,4,polystyrene,styrene (vinylbenzene),C=CC1=CC=CC=C1,1.59,water,O,1.0,1.33
0.01con_444.41nm_ps_loop0.jpg,0.001,444.41,0,polystyrene,styrene (vinylbenzene),C=CC1=CC=CC=C1,1.59,water,O,1.0,1.33
0.01con_444.41nm_ps_loop1.jpg,0.001,444.41,1,polystyrene,styrene (vinylbenzene),C=CC1=CC=CC=C1,1.59,water,O,1.0,1.33
0.01con_444.41nm_ps_loop2.jpg,0.001,444.41,2,polystyrene,styrene (vinylbenzene),C=CC1=CC=CC=C1,1.59,water,O,1.0,1.33
0.01con_444.41nm_ps_loop3.jpg,0.001,444.41,3,polystyrene,styrene (vinylbenzene),C=CC1=CC=CC=C1,1.59,water,O,1.0,1.33
0.01con_444.41nm_ps_loop4.jpg,0.001,444.41,4,polystyrene,styrene (vinylbenzene),C=CC1=CC=CC=C1,1.59,water,O,1.0,1.33
0.01con_60.53nm_ps_loop0.jpg,0.001,60.53,0,polystyrene,styrene (vinylbenzene),C=CC1=CC=CC=C1,1.59,water,O,1.0,1.33
0.01con_60.53nm_ps_loop1.jpg,0.001,60.53,1,polystyrene,styrene (vinylbenzene),C=CC1=CC=CC=C1,1.59,water,O,1.0,1.33
0.01con_60.53nm_ps_loop2.jpg,0.001,60.53,2,polystyrene,styrene (vinylbenzene),C=CC1=CC=CC=C1,1.59,water,O,1.0,1.33
0.01con_60.53nm_ps_loop3.jpg,0.001,60.53,3,polystyrene,styrene (vinylbenzene),C=CC1=CC=CC=C1,1.59,water,O,1.0,1.33
0.01con_60.53nm_ps_loop4.jpg,0.001,60.53,4,polystyrene,styrene (vinylbenzene),C=CC1=CC=CC=C1,1.59,water,O,1.0,1.33
0.01con_68.65nm_PS_loop0.jpg,0.001,68.65,0,polystyrene,styrene (vinylbenzene),C=CC1=CC=CC=C1,1.59,water,O,1.0,1.33
0.01con_68.65nm_PS_loop1.jpg,0.001,68.65,1,polystyrene,styrene (vinylbenzene),C=CC1=CC=CC=C1,1.59,water,O,1.0,1.33
0.01con_68.65nm_PS_loop2.jpg,0.001,68.65,2,polystyrene,styrene (vinylbenzene),C=CC1=CC=CC=C1,1.59,water,O,1.0,1.33
0.01con_68.65nm_PS_loop3.jpg,0.001,68.65,3,polystyrene,styrene (vinylbenzene),C=CC1=CC=CC=C1,1.59,water,O,1.0,1.33
0.01con_68.65nm_PS_loop4.jpg,0.001,68.65,4,polystyrene,styrene (vinylbenzene),C=CC1=CC=CC=C1,1.59,water,O,1.0,1.33
0.01con_83.23nm_PS_loop0.jpg,0.001,83.23,0,polystyrene,styrene (vinylbenzene),C=CC1=CC=CC=C1,1.59,water,O,1.0,1.33
0.01con_83.23nm_PS_loop1.jpg,0.001,83.23,1,polystyrene,styrene (vinylbenzene),C=CC1=CC=CC=C1,1.59,water,O,1.0,1.33
0.01con_83.23nm_PS_loop2.jpg,0.001,83.23,2,polystyrene,styrene (vinylbenzene),C=CC1=CC=CC=C1,1.59,water,O,1.0,1.33
0.01con_83.23nm_PS_loop3.jpg,0.001,83.23,3,polystyrene,styrene (vinylbenzene),C=CC1=CC=CC=C1,1.59,water,O,1.0,1.33
0.01con_83.23nm_PS_loop4.jpg,0.001,83.23,4,polystyrene,styrene (vinylbenzene),C=CC1=CC=CC=C1,1.59,water,O,1.0,1.33
0.03con_109.51nm_ps_loop0.jpg,0.003,109.51,0,polystyrene,styrene (vinylbenzene),C=CC1=CC=CC=C1,1.59,water,O,1.0,1.33
0.03con_109.51nm_ps_loop1.jpg,0.003,109.51,1,polystyrene,styrene (vinylbenzene),C=CC1=CC=CC=C1,1.59,water,O,1.0,1.33
0.03con_109.51nm_ps_loop2.jpg,0.003,109.51,2,polystyrene,styrene (vinylbenzene),C=CC1=CC=CC=C1,1.59,water,O,1.0,1.33
0.03con_109.51nm_ps_loop3.jpg,0.003,109.51,3,polystyrene,styrene (vinylbenzene),C=CC1=CC=CC=C1,1.59,water,O,1.0,1.33
0.03con_109.51nm_ps_loop4.jpg,0.003,109.51,4,polystyrene,styrene (vinylbenzene),C=CC1=CC=CC=C1,1.59,water,O,1.0,1.33
0.03con_160.53nm_ps_loop0.jpg,0.003,160.53,0,polystyrene,styrene (vinylbenzene),C=CC1=CC=CC=C1,1.59,water,O,1.0,1.33
0.03con_160.53nm_ps_loop1.jpg,0.003,160.53,1,polystyrene,styrene (vinylbenzene),C=CC1=CC=CC=C1,1.59,water,O,1.0,1.33
0.03con_160.53nm_ps_loop2.jpg,0.003,160.53,2,polystyrene,styrene (vinylbenzene),C=CC1=CC=CC=C1,1.59,water,O,1.0,1.33
0.03con_160.53nm_ps_loop3.jpg,0.003,160.53,3,polystyrene,styrene (vinylbenzene),C=CC1=CC=CC=C1,1.59,water,O,1.0,1.33
0.03con_160.53nm_ps_loop4.jpg,0.003,160.53,4,polystyrene,styrene (vinylbenzene),C=CC1=CC=CC=C1,1.59,water,O,1.0,1.33
0.03con_217.2nm_ps_loop0.jpg,0.003,217.2,0,polystyrene,styrene (vinylbenzene),C=CC1=CC=CC=C1,1.59,water,O,1.0,1.33
0.03con_217.2nm_ps_loop1.jpg,0.003,217.2,1,polystyrene,styrene (vinylbenzene),C=CC1=CC=CC=C1,1.59,water,O,1.0,1.33
0.03con_217.2nm_ps_loop2.jpg,0.003,217.2,2,polystyrene,styrene (vinylbenzene),C=CC1=CC=CC=C1,1.59,water,O,1.0,1.33
0.03con_217.2nm_ps_loop3.jpg,0.003,217.2,3,polystyrene,styrene (vinylbenzene),C=CC1=CC=CC=C1,1.59,water,O,1.0,1.33
0.03con_217.2nm_ps_loop4.jpg,0.003,217.2,4,polystyrene,styrene (vinylbenzene),C=CC1=CC=CC=C1,1.59,water,O,1.0,1.33
0.03con_23.96nm_ps_loop0.jpg,0.003,23.96,0,polystyrene,styrene (vinylbenzene),C=CC1=CC=CC=C1,1.59,water,O,1.0,1.33
0.03con_23.96nm_ps_loop1.jpg,0.003,23.96,1,polystyrene,styrene (vinylbenzene),C=CC1=CC=CC=C1,1.59,water,O,1.0,1.33
0.03con_23.96nm_ps_loop2.jpg,0.003,23.96,2,polystyrene,styrene (vinylbenzene),C=CC1=CC=CC=C1,1.59,water,O,1.0,1.33
0.03con_23.96nm_ps_loop3.jpg,0.003,23.96,3,polystyrene,styrene (vinylbenzene),C=CC1=CC=CC=C1,1.59,water,O,1.0,1.33
0.03con_23.96nm_ps_loop4.jpg,0.003,23.96,4,polystyrene,styrene (vinylbenzene),C=CC1=CC=CC=C1,1.59,water,O,1.0,1.33
0.03con_252.91nm_ps_loop0.jpg,0.003,252.91,0,polystyrene,styrene (vinylbenzene),C=CC1=CC=CC=C1,1.59,water,O,1.0,1.33
0.03con_252.91nm_ps_loop1.jpg,0.003,252.91,1,polystyrene,styrene (vinylbenzene),C=CC1=CC=CC=C1,1.59,water,O,1.0,1.33
0.03con_252.91nm_ps_loop2.jpg,0.003,252.91,2,polystyrene,styrene (vinylbenzene),C=CC1=CC=CC=C1,1.59,water,O,1.0,1.33
0.03con_252.91nm_ps_loop3.jpg,0.003,252.91,3,polystyrene,styrene (vinylbenzene),C=CC1=CC=CC=C1,1.59,water,O,1.0,1.33
0.03con_252.91nm_ps_loop4.jpg,0.003,252.91,4,polystyrene,styrene (vinylbenzene),C=CC1=CC=CC=C1,1.59,water,O,1.0,1.33
0.03con_322.91nm_PS_loop0.jpg,0.003,322.91,0,polystyrene,styrene (vinylbenzene),C=CC1=CC=CC=C1,1.59,water,O,1.0,1.33
0.03con_322.91nm_PS_loop1.jpg,0.003,322.91,1,polystyrene,styrene (vinylbenzene),C=CC1=CC=CC=C1,1.59,water,O,1.0,1.33
0.03con_322.91nm_PS_loop2.jpg,0.003,322.91,2,polystyrene,styrene (vinylbenzene),C=CC1=CC=CC=C1,1.59,water,O,1.0,1.33
0.03con_322.91nm_PS_loop3.jpg,0.003,322.91,3,polystyrene,styrene (vinylbenzene),C=CC1=CC=CC=C1,1.59,water,O,1.0,1.33
0.03con_322.91nm_PS_loop4.jpg,0.003,322.91,4,polystyrene,styrene (vinylbenzene),C=CC1=CC=CC=C1,1.59,water,O,1.0,1.33
0.03con_34.01nm_ps_loop0.jpg,0.003,34.01,0,polystyrene,styrene (vinylbenzene),C=CC1=CC=CC=C1,1.59,water,O,1.0,1.33
0.03con_34.01nm_ps_loop1.jpg,0.003,34.01,1,polystyrene,styrene (vinylbenzene),C=CC1=CC=CC=C1,1.59,water,O,1.0,1.33
0.03con_34.01nm_ps_loop2.jpg,0.003,34.01,2,polystyrene,styrene (vinylbenzene),C=CC1=CC=CC=C1,1.59,water,O,1.0,1.33
0.03con_34.01nm_ps_loop3.jpg,0.003,34.01,3,polystyrene,styrene (vinylbenzene),C=CC1=CC=CC=C1,1.59,water,O,1.0,1.33
0.03con_34.01nm_ps_loop4.jpg,0.003,34.01,4,polystyrene,styrene (vinylbenzene),C=CC1=CC=CC=C1,1.59,water,O,1.0,1.33
0.03con_360.53nm_ps_loop0.jpg,0.003,360.53,0,polystyrene,styrene (vinylbenzene),C=CC1=CC=CC=C1,1.59,water,O,1.0,1.33
0.03con_360.53nm_ps_loop1.jpg,0.003,360.53,1,polystyrene,styrene (vinylbenzene),C=CC1=CC=CC=C1,1.59,water,O,1.0,1.33
0.03con_360.53nm_ps_loop2.jpg,0.003,360.53,2,polystyrene,styrene (vinylbenzene),C=CC1=CC=CC=C1,1.59,water,O,1.0,1.33
0.03con_360.53nm_ps_loop3.jpg,0.003,360.53,3,polystyrene,styrene (vinylbenzene),C=CC1=CC=CC=C1,1.59,water,O,1.0,1.33
0.03con_360.53nm_ps_loop4.jpg,0.003,360.53,4,polystyrene,styrene (vinylbenzene),C=CC1=CC=CC=C1,1.59,water,O,1.0,1.33
0.03con_444.41nm_ps_loop0.jpg,0.003,444.41,0,polystyrene,styrene (vinylbenzene),C=CC1=CC=CC=C1,1.59,water,O,1.0,1.33
0.03con_444.41nm_ps_loop1.jpg,0.003,444.41,1,polystyrene,styrene (vinylbenzene),C=CC1=CC=CC=C1,1.59,water,O,1.0,1.33
0.03con_444.41nm_ps_loop2.jpg,0.003,444.41,2,polystyrene,styrene (vinylbenzene),C=CC1=CC=CC=C1,1.59,water,O,1.0,1.33
0.03con_444.41nm_ps_loop3.jpg,0.003,444.41,3,polystyrene,styrene (vinylbenzene),C=CC1=CC=CC=C1,1.59,water,O,1.0,1.33
0.03con_444.41nm_ps_loop4.jpg,0.003,444.41,4,polystyrene,styrene (vinylbenzene),C=CC1=CC=CC=C1,1.59,water,O,1.0,1.33
0.03con_60.53nm_ps_loop0.jpg,0.003,60.53,0,polystyrene,styrene (vinylbenzene),C=CC1=CC=CC=C1,1.59,water,O,1.0,1.33
0.03con_60.53nm_ps_loop1.jpg,0.003,60.53,1,polystyrene,styrene (vinylbenzene),C=CC1=CC=CC=C1,1.59,water,O,1.0,1.33
0.03con_60.53nm_ps_loop2.jpg,0.003,60.53,2,polystyrene,styrene (vinylbenzene),C=CC1=CC=CC=C1,1.59,water,O,1.0,1.33
0.03con_60.53nm_ps_loop3.jpg,0.003,60.53,3,polystyrene,styrene (vinylbenzene),C=CC1=CC=CC=C1,1.59,water,O,1.0,1.33
0.03con_60.53nm_ps_loop4.jpg,0.003,60.53,4,polystyrene,styrene (vinylbenzene),C=CC1=CC=CC=C1,1.59,water,O,1.0,1.33
0.03con_68.65nm_PS_loop0.jpg,0.003,68.65,0,polystyrene,styrene (vinylbenzene),C=CC1=CC=CC=C1,1.59,water,O,1.0,1.33
0.03con_68.65nm_PS_loop1.jpg,0.003,68.65,1,polystyrene,styrene (vinylbenzene),C=CC1=CC=CC=C1,1.59,water,O,1.0,1.33
0.003con_68.65nm_PS_loop2.jpg,0.003,68.65,2,polystyrene,styrene (vinylbenzene),C=CC1=CC=CC=C1,1.59,water,O,1.0,1.33
0.03con_68.65nm_PS_loop3.jpg,0.003,68.65,3,polystyrene,styrene (vinylbenzene),C=CC1=CC=CC=C1,1.59,water,O,1.0,1.33
0.03con_68.65nm_PS_loop4.jpg,0.003,68.65,4,polystyrene,styrene (vinylbenzene),C=CC1=CC=CC=C1,1.59,water,O,1.0,1.33
0.03con_83.23nm_PS_loop0.jpg,0.003,83.23,0,polystyrene,styrene (vinylbenzene),C=CC1=CC=CC=C1,1.59,water,O,1.0,1.33
0.03con_83.23nm_PS_loop1.jpg,0.003,83.23,1,polystyrene,styrene (vinylbenzene),C=CC1=CC=CC=C1,1.59,water,O,1.0,1.33
0.03con_83.23nm_PS_loop2.jpg,0.003,83.23,2,polystyrene,styrene (vinylbenzene),C=CC1=CC=CC=C1,1.59,water,O,1.0,1.33
0.03con_83.23nm_PS_loop3.jpg,0.003,83.23,3,polystyrene,styrene (vinylbenzene),C=CC1=CC=CC=C1,1.59,water,O,1.0,1.33
0.03con_83.23nm_PS_loop4.jpg,0.003,83.23,4,polystyrene,styrene (vinylbenzene),C=CC1=CC=CC=C1,1.59,water,O,1.0,1.33
0.05con_109.51nm_ps_loop0.jpg,0.005,109.51,0,polystyrene,styrene (vinylbenzene),C=CC1=CC=CC=C1,1.59,water,O,1.0,1.33
0.05con_109.51nm_ps_loop1.jpg,0.005,109.51,1,polystyrene,styrene (vinylbenzene),C=CC1=CC=CC=C1,1.59,water,O,1.0,1.33
0.05con_109.51nm_ps_loop2.jpg,0.005,109.51,2,polystyrene,styrene (vinylbenzene),C=CC1=CC=CC=C1,1.59,water,O,1.0,1.33
0.05con_109.51nm_ps_loop3.jpg,0.005,109.51,3,polystyrene,styrene (vinylbenzene),C=CC1=CC=CC=C1,1.59,water,O,1.0,1.33
0.05con_109.51nm_ps_loop4.jpg,0.005,109.51,4,polystyrene,styrene (vinylbenzene),C=CC1=CC=CC=C1,1.59,water,O,1.0,1.33
0.05con_160.53nm_ps_loop0.jpg,0.005,160.53,0,polystyrene,styrene (vinylbenzene),C=CC1=CC=CC=C1,1.59,water,O,1.0,1.33
0.05con_160.53nm_ps_loop1.jpg,0.005,160.53,1,polystyrene,styrene (vinylbenzene),C=CC1=CC=CC=C1,1.59,water,O,1.0,1.33
0.05con_160.53nm_ps_loop2.jpg,0.005,160.53,2,polystyrene,styrene (vinylbenzene),C=CC1=CC=CC=C1,1.59,water,O,1.0,1.33
0.05con_160.53nm_ps_loop3.jpg,0.005,160.53,3,polystyrene,styrene (vinylbenzene),C=CC1=CC=CC=C1,1.59,water,O,1.0,1.33
0.05con_160.53nm_ps_loop4.jpg,0.005,160.53,4,polystyrene,styrene (vinylbenzene),C=CC1=CC=CC=C1,1.59,water,O,1.0,1.33
0.05con_217.2nm_ps_loop0.jpg,0.005,217.2,0,polystyrene,styrene (vinylbenzene),C=CC1=CC=CC=C1,1.59,water,O,1.0,1.33
0.05con_217.2nm_ps_loop1.jpg,0.005,217.2,1,polystyrene,styrene (vinylbenzene),C=CC1=CC=CC=C1,1.59,water,O,1.0,1.33
0.05con_217.2nm_ps_loop2.jpg,0.005,217.2,2,polystyrene,styrene (vinylbenzene),C=CC1=CC=CC=C1,1.59,water,O,1.0,1.33
0.05con_217.2nm_ps_loop3.jpg,0.005,217.2,3,polystyrene,styrene (vinylbenzene),C=CC1=CC=CC=C1,1.59,water,O,1.0,1.33
0.05con_217.2nm_ps_loop4.jpg,0.005,217.2,4,polystyrene,styrene (vinylbenzene),C=CC1=CC=CC=C1,1.59,water,O,1.0,1.33
0.05con_23.96nm_ps_loop0.jpg,0.005,23.96,0,polystyrene,styrene (vinylbenzene),C=CC1=CC=CC=C1,1.59,water,O,1.0,1.33
0.05con_23.96nm_ps_loop1.jpg,0.005,23.96,1,polystyrene,styrene (vinylbenzene),C=CC1=CC=CC=C1,1.59,water,O,1.0,1.33
0.05con_23.96nm_ps_loop2.jpg,0.005,23.96,2,polystyrene,styrene (vinylbenzene),C=CC1=CC=CC=C1,1.59,water,O,1.0,1.33
0.05con_23.96nm_ps_loop3.jpg,0.005,23.96,3,polystyrene,styrene (vinylbenzene),C=CC1=CC=CC=C1,1.59,water,O,1.0,1.33
0.05con_23.96nm_ps_loop4.jpg,0.005,23.96,4,polystyrene,styrene (vinylbenzene),C=CC1=CC=CC=C1,1.59,water,O,1.0,1.33
0.05con_252.91nm_ps_loop0.jpg,0.005,252.91,0,polystyrene,styrene (vinylbenzene),C=CC1=CC=CC=C1,1.59,water,O,1.0,1.33
0.05con_252.91nm_ps_loop1.jpg,0.005,252.91,1,polystyrene,styrene (vinylbenzene),C=CC1=CC=CC=C1,1.59,water,O,1.0,1.33
0.05con_252.91nm_ps_loop2.jpg,0.005,252.91,2,polystyrene,styrene (vinylbenzene),C=CC1=CC=CC=C1,1.59,water,O,1.0,1.33
0.05con_252.91nm_ps_loop3.jpg,0.005,252.91,3,polystyrene,styrene (vinylbenzene),C=CC1=CC=CC=C1,1.59,water,O,1.0,1.33
0.05con_252.91nm_ps_loop4.jpg,0.005,252.91,4,polystyrene,styrene (vinylbenzene),C=CC1=CC=CC=C1,1.59,water,O,1.0,1.33
0.05con_322.91nm_PS_loop0.jpg,0.005,322.91,0,polystyrene,styrene (vinylbenzene),C=CC1=CC=CC=C1,1.59,water,O,1.0,1.33
0.05con_322.91nm_PS_loop1.jpg,0.005,322.91,1,polystyrene,styrene (vinylbenzene),C=CC1=CC=CC=C1,1.59,water,O,1.0,1.33
0.05con_322.91nm_PS_loop2.jpg,0.005,322.91,2,polystyrene,styrene (vinylbenzene),C=CC1=CC=CC=C1,1.59,water,O,1.0,1.33
0.05con_322.91nm_PS_loop3.jpg,0.005,322.91,3,polystyrene,styrene (vinylbenzene),C=CC1=CC=CC=C1,1.59,water,O,1.0,1.33
0.05con_322.91nm_PS_loop4.jpg,0.005,322.91,4,polystyrene,styrene (vinylbenzene),C=CC1=CC=CC=C1,1.59,water,O,1.0,1.33
0.05con_34.01nm_ps_loop0.jpg,0.005,34.01,0,polystyrene,styrene (vinylbenzene),C=CC1=CC=CC=C1,1.59,water,O,1.0,1.33
0.05con_34.01nm_ps_loop1.jpg,0.005,34.01,1,polystyrene,styrene (vinylbenzene),C=CC1=CC=CC=C1,1.59,water,O,1.0,1.33
0.05con_34.01nm_ps_loop2.jpg,0.005,34.01,2,polystyrene,styrene (vinylbenzene),C=CC1=CC=CC=C1,1.59,water,O,1.0,1.33
0.05con_34.01nm_ps_loop3.jpg,0.005,34.01,3,polystyrene,styrene (vinylbenzene),C=CC1=CC=CC=C1,1.59,water,O,1.0,1.33
0.05con_34.01nm_ps_loop4.jpg,0.005,34.01,4,polystyrene,styrene (vinylbenzene),C=CC1=CC=CC=C1,1.59,water,O,1.0,1.33
0.05con_360.53nm_ps_loop0.jpg,0.005,360.53,0,polystyrene,styrene (vinylbenzene),C=CC1=CC=CC=C1,1.59,water,O,1.0,1.33
0.05con_360.53nm_ps_loop1.jpg,0.005,360.53,1,polystyrene,styrene (vinylbenzene),C=CC1=CC=CC=C1,1.59,water,O,1.0,1.33
0.05con_360.53nm_ps_loop2.jpg,0.005,360.53,2,polystyrene,styrene (vinylbenzene),C=CC1=CC=CC=C1,1.59,water,O,1.0,1.33
0.05con_360.53nm_ps_loop3.jpg,0.005,360.53,3,polystyrene,styrene (vinylbenzene),C=CC1=CC=CC=C1,1.59,water,O,1.0,1.33
0.05con_360.53nm_ps_loop4.jpg,0.005,360.53,4,polystyrene,styrene (vinylbenzene),C=CC1=CC=CC=C1,1.59,water,O,1.0,1.33
0.05con_444.41nm_ps_loop0.jpg,0.005,444.41,0,polystyrene,styrene (vinylbenzene),C=CC1=CC=CC=C1,1.59,water,O,1.0,1.33
0.05con_444.41nm_ps_loop1.jpg,0.005,444.41,1,polystyrene,styrene (vinylbenzene),C=CC1=CC=CC=C1,1.59,water,O,1.0,1.33
0.05con_444.41nm_ps_loop2.jpg,0.005,444.41,2,polystyrene,styrene (vinylbenzene),C=CC1=CC=CC=C1,1.59,water,O,1.0,1.33
0.05con_444.41nm_ps_loop3.jpg,0.005,444.41,3,polystyrene,styrene (vinylbenzene),C=CC1=CC=CC=C1,1.59,water,O,1.0,1.33
0.05con_444.41nm_ps_loop4.jpg,0.005,444.41,4,polystyrene,styrene (vinylbenzene),C=CC1=CC=CC=C1,1.59,water,O,1.0,1.33
0.05con_60.53nm_ps_loop0.jpg,0.005,60.53,0,polystyrene,styrene (vinylbenzene),C=CC1=CC=CC=C1,1.59,water,O,1.0,1.33
0.05con_60.53nm_ps_loop1.jpg,0.005,60.53,1,polystyrene,styrene (vinylbenzene),C=CC1=CC=CC=C1,1.59,water,O,1.0,1.33
0.05con_60.53nm_ps_loop2.jpg,0.005,60.53,2,polystyrene,styrene (vinylbenzene),C=CC1=CC=CC=C1,1.59,water,O,1.0,1.33
0.05con_60.53nm_ps_loop3.jpg,0.005,60.53,3,polystyrene,styrene (vinylbenzene),C=CC1=CC=CC=C1,1.59,water,O,1.0,1.33
0.05con_60.53nm_ps_loop4.jpg,0.005,60.53,4,polystyrene,styrene (vinylbenzene),C=CC1=CC=CC=C1,1.59,water,O,1.0,1.33
0.05con_68.65nm_PS_loop0.jpg,0.005,68.65,0,polystyrene,styrene (vinylbenzene),C=CC1=CC=CC=C1,1.59,water,O,1.0,1.33
0.05con_68.65nm_PS_loop1.jpg,0.005,68.65,1,polystyrene,styrene (vinylbenzene),C=CC1=CC=CC=C1,1.59,water,O,1.0,1.33
0.05con_68.65nm_PS_loop2.jpg,0.005,68.65,2,polystyrene,styrene (vinylbenzene),C=CC1=CC=CC=C1,1.59,water,O,1.0,1.33
0.05con_68.65nm_PS_loop3.jpg,0.005,68.65,3,polystyrene,styrene (vinylbenzene),C=CC1=CC=CC=C1,1.59,water,O,1.0,1.33
0.05con_68.65nm_PS_loop4.jpg,0.005,68.65,4,polystyrene,styrene (vinylbenzene),C=CC1=CC=CC=C1,1.59,water,O,1.0,1.33
0.05con_83.23nm_PS_loop0.jpg,0.005,83.23,0,polystyrene,styrene (vinylbenzene),C=CC1=CC=CC=C1,1.59,water,O,1.0,1.33
0.05con_83.23nm_PS_loop1.jpg,0.005,83.23,1,polystyrene,styrene (vinylbenzene),C=CC1=CC=CC=C1,1.59,water,O,1.0,1.33
0.05con_83.23nm_PS_loop2.jpg,0.005,83.23,2,polystyrene,styrene (vinylbenzene),C=CC1=CC=CC=C1,1.59,water,O,1.0,1.33
0.05con_83.23nm_PS_loop3.jpg,0.005,83.23,3,polystyrene,styrene (vinylbenzene),C=CC1=CC=CC=C1,1.59,water,O,1.0,1.33
0.05con_83.23nm_PS_loop4.jpg,0.005,83.23,4,polystyrene,styrene (vinylbenzene),C=CC1=CC=CC=C1,1.59,water,O,1.0,1.33
0.06con_109.51nm_ps_loop0.jpg,0.006,109.51,0,polystyrene,styrene (vinylbenzene),C=CC1=CC=CC=C1,1.59,water,O,1.0,1.33
0.06con_109.51nm_ps_loop1.jpg,0.006,109.51,1,polystyrene,styrene (vinylbenzene),C=CC1=CC=CC=C1,1.59,water,O,1.0,1.33
0.06con_109.51nm_ps_loop2.jpg,0.006,109.51,2,polystyrene,styrene (vinylbenzene),C=CC1=CC=CC=C1,1.59,water,O,1.0,1.33
0.06con_109.51nm_ps_loop3.jpg,0.006,109.51,3,polystyrene,styrene (vinylbenzene),C=CC1=CC=CC=C1,1.59,water,O,1.0,1.33
0.06con_109.51nm_ps_loop4.jpg,0.006,109.51,4,polystyrene,styrene (vinylbenzene),C=CC1=CC=CC=C1,1.59,water,O,1.0,1.33
0.06con_160.53nm_ps_loop0.jpg,0.006,160.53,0,polystyrene,styrene (vinylbenzene),C=CC1=CC=CC=C1,1.59,water,O,1.0,1.33
0.06con_160.53nm_ps_loop1.jpg,0.006,160.53,1,polystyrene,styrene (vinylbenzene),C=CC1=CC=CC=C1,1.59,water,O,1.0,1.33
0.06con_160.53nm_ps_loop2.jpg,0.006,160.53,2,polystyrene,styrene (vinylbenzene),C=CC1=CC=CC=C1,1.59,water,O,1.0,1.33
0.06con_160.53nm_ps_loop3.jpg,0.006,160.53,3,polystyrene,styrene (vinylbenzene),C=CC1=CC=CC=C1,1.59,water,O,1.0,1.33
0.06con_160.53nm_ps_loop4.jpg,0.006,160.53,4,polystyrene,styrene (vinylbenzene),C=CC1=CC=CC=C1,1.59,water,O,1.0,1.33
0.06con_217.2nm_ps_loop0.jpg,0.006,217.2,0,polystyrene,styrene (vinylbenzene),C=CC1=CC=CC=C1,1.59,water,O,1.0,1.33
0.06con_217.2nm_ps_loop1.jpg,0.006,217.2,1,polystyrene,styrene (vinylbenzene),C=CC1=CC=CC=C1,1.59,water,O,1.0,1.33
0.06con_217.2nm_ps_loop2.jpg,0.006,217.2,2,polystyrene,styrene (vinylbenzene),C=CC1=CC=CC=C1,1.59,water,O,1.0,1.33
0.06con_217.2nm_ps_loop3.jpg,0.006,217.2,3,polystyrene,styrene (vinylbenzene),C=CC1=CC=CC=C1,1.59,water,O,1.0,1.33
0.06con_217.2nm_ps_loop4.jpg,0.006,217.2,4,polystyrene,styrene (vinylbenzene),C=CC1=CC=CC=C1,1.59,water,O,1.0,1.33
0.06con_23.96nm_ps_loop0.jpg,0.006,23.96,0,polystyrene,styrene (vinylbenzene),C=CC1=CC=CC=C1,1.59,water,O,1.0,1.33
0.06con_23.96nm_ps_loop1.jpg,0.006,23.96,1,polystyrene,styrene (vinylbenzene),C=CC1=CC=CC=C1,1.59,water,O,1.0,1.33
0.06con_23.96nm_ps_loop2.jpg,0.006,23.96,2,polystyrene,styrene (vinylbenzene),C=CC1=CC=CC=C1,1.59,water,O,1.0,1.33
0.06con_23.96nm_ps_loop3.jpg,0.006,23.96,3,polystyrene,styrene (vinylbenzene),C=CC1=CC=CC=C1,1.59,water,O,1.0,1.33
0.06con_23.96nm_ps_loop4.jpg,0.006,23.96,4,polystyrene,styrene (vinylbenzene),C=CC1=CC=CC=C1,1.59,water,O,1.0,1.33
0.06con_252.91nm_ps_loop0.jpg,0.006,252.91,0,polystyrene,styrene (vinylbenzene),C=CC1=CC=CC=C1,1.59,water,O,1.0,1.33
0.06con_252.91nm_ps_loop1.jpg,0.006,252.91,1,polystyrene,styrene (vinylbenzene),C=CC1=CC=CC=C1,1.59,water,O,1.0,1.33
0.06con_252.91nm_ps_loop2.jpg,0.006,252.91,2,polystyrene,styrene (vinylbenzene),C=CC1=CC=CC=C1,1.59,water,O,1.0,1.33
0.06con_252.91nm_ps_loop3.jpg,0.006,252.91,3,polystyrene,styrene (vinylbenzene),C=CC1=CC=CC=C1,1.59,water,O,1.0,1.33
0.06con_252.91nm_ps_loop4.jpg,0.006,252.91,4,polystyrene,styrene (vinylbenzene),C=CC1=CC=CC=C1,1.59,water,O,1.0,1.33
0.06con_322.91nm_PS_loop0.jpg,0.006,322.91,0,polystyrene,styrene (vinylbenzene),C=CC1=CC=CC=C1,1.59,water,O,1.0,1.33
0.06con_322.91nm_PS_loop1.jpg,0.006,322.91,1,polystyrene,styrene (vinylbenzene),C=CC1=CC=CC=C1,1.59,water,O,1.0,1.33
0.06con_322.91nm_PS_loop2.jpg,0.006,322.91,2,polystyrene,styrene (vinylbenzene),C=CC1=CC=CC=C1,1.59,water,O,1.0,1.33
0.06con_322.91nm_PS_loop3.jpg,0.006,322.91,3,polystyrene,styrene (vinylbenzene),C=CC1=CC=CC=C1,1.59,water,O,1.0,1.33
0.06con_322.91nm_PS_loop4.jpg,0.006,322.91,4,polystyrene,styrene (vinylbenzene),C=CC1=CC=CC=C1,1.59,water,O,1.0,1.33
0.06con_34.01nm_ps_loop0.jpg,0.006,34.01,0,polystyrene,styrene (vinylbenzene),C=CC1=CC=CC=C1,1.59,water,O,1.0,1.33
0.06con_34.01nm_ps_loop1.jpg,0.006,34.01,1,polystyrene,styrene (vinylbenzene),C=CC1=CC=CC=C1,1.59,water,O,1.0,1.33
0.06con_34.01nm_ps_loop2.jpg,0.006,34.01,2,polystyrene,styrene (vinylbenzene),C=CC1=CC=CC=C1,1.59,water,O,1.0,1.33
0.06con_34.01nm_ps_loop3.jpg,0.006,34.01,3,polystyrene,styrene (vinylbenzene),C=CC1=CC=CC=C1,1.59,water,O,1.0,1.33
0.06con_34.01nm_ps_loop4.jpg,0.006,34.01,4,polystyrene,styrene (vinylbenzene),C=CC1=CC=CC=C1,1.59,water,O,1.0,1.33
0.06con_360.53nm_ps_loop0.jpg,0.006,360.53,0,polystyrene,styrene (vinylbenzene),C=CC1=CC=CC=C1,1.59,water,O,1.0,1.33
0.06con_360.53nm_ps_loop1.jpg,0.006,360.53,1,polystyrene,styrene (vinylbenzene),C=CC1=CC=CC=C1,1.59,water,O,1.0,1.33
0.06con_360.53nm_ps_loop2.jpg,0.006,360.53,2,polystyrene,styrene (vinylbenzene),C=CC1=CC=CC=C1,1.59,water,O,1.0,1.33
0.06con_360.53nm_ps_loop3.jpg,0.006,360.53,3,polystyrene,styrene (vinylbenzene),C=CC1=CC=CC=C1,1.59,water,O,1.0,1.33
0.06con_360.53nm_ps_loop4.jpg,0.006,360.53,4,polystyrene,styrene (vinylbenzene),C=CC1=CC=CC=C1,1.59,water,O,1.0,1.33
0.06con_444.41nm_ps_loop0.jpg,0.006,444.41,0,polystyrene,styrene (vinylbenzene),C=CC1=CC=CC=C1,1.59,water,O,1.0,1.33
0.06con_444.41nm_ps_loop1.jpg,0.006,444.41,1,polystyrene,styrene (vinylbenzene),C=CC1=CC=CC=C1,1.59,water,O,1.0,1.33
0.06con_444.41nm_ps_loop2.jpg,0.006,444.41,2,polystyrene,styrene (vinylbenzene),C=CC1=CC=CC=C1,1.59,water,O,1.0,1.33
0.06con_444.41nm_ps_loop3.jpg,0.006,444.41,3,polystyrene,styrene (vinylbenzene),C=CC1=CC=CC=C1,1.59,water,O,1.0,1.33
0.06con_444.41nm_ps_loop4.jpg,0.006,444.41,4,polystyrene,styrene (vinylbenzene),C=CC1=CC=CC=C1,1.59,water,O,1.0,1.33
0.06con_60.53nm_ps_loop0.jpg,0.006,60.53,0,polystyrene,styrene (vinylbenzene),C=CC1=CC=CC=C1,1.59,water,O,1.0,1.33
0.06con_60.53nm_ps_loop1.jpg,0.006,60.53,1,polystyrene,styrene (vinylbenzene),C=CC1=CC=CC=C1,1.59,water,O,1.0,1.33
0.06con_60.53nm_ps_loop2.jpg,0.006,60.53,2,polystyrene,styrene (vinylbenzene),C=CC1=CC=CC=C1,1.59,water,O,1.0,1.33
0.06con_60.53nm_ps_loop3.jpg,0.006,60.53,3,polystyrene,styrene (vinylbenzene),C=CC1=CC=CC=C1,1.59,water,O,1.0,1.33
0.06con_60.53nm_ps_loop4.jpg,0.006,60.53,4,polystyrene,styrene (vinylbenzene),C=CC1=CC=CC=C1,1.59,water,O,1.0,1.33
0.06con_68.65nm_PS_loop0.jpg,0.006,68.65,0,polystyrene,styrene (vinylbenzene),C=CC1=CC=CC=C1,1.59,water,O,1.0,1.33
0.06con_68.65nm_PS_loop1.jpg,0.006,68.65,1,polystyrene,styrene (vinylbenzene),C=CC1=CC=CC=C1,1.59,water,O,1.0,1.33
0.06con_68.65nm_PS_loop2.jpg,0.006,68.65,2,polystyrene,styrene (vinylbenzene),C=CC1=CC=CC=C1,1.59,water,O,1.0,1.33
0.06con_68.65nm_PS_loop3.jpg,0.006,68.65,3,polystyrene,styrene (vinylbenzene),C=CC1=CC=CC=C1,1.59,water,O,1.0,1.33
0.06con_68.65nm_PS_loop4.jpg,0.006,68.65,4,polystyrene,styrene (vinylbenzene),C=CC1=CC=CC=C1,1.59,water,O,1.0,1.33
0.06con_83.23nm_PS_loop0.jpg,0.006,83.23,0,polystyrene,styrene (vinylbenzene),C=CC1=CC=CC=C1,1.59,water,O,1.0,1.33
0.06con_83.23nm_PS_loop1.jpg,0.006,83.23,1,polystyrene,styrene (vinylbenzene),C=CC1=CC=CC=C1,1.59,water,O,1.0,1.33
0.06con_83.23nm_PS_loop2.jpg,0.006,83.23,2,polystyrene,styrene (vinylbenzene),C=CC1=CC=CC=C1,1.59,water,O,1.0,1.33
0.06con_83.23nm_PS_loop3.jpg,0.006,83.23,3,polystyrene,styrene (vinylbenzene),C=CC1=CC=CC=C1,1.59,water,O,1.0,1.33
0.06con_83.23nm_PS_loop4.jpg,0.006,83.23,4,polystyrene,styrene (vinylbenzene),C=CC1=CC=CC=C1,1.59,water,O,1.0,1.33
0.07con_109.51nm_ps_loop0.jpg,0.007,109.51,0,polystyrene,styrene (vinylbenzene),C=CC1=CC=CC=C1,1.59,water,O,1.0,1.33
0.07con_109.51nm_ps_loop1.jpg,0.007,109.51,1,polystyrene,styrene (vinylbenzene),C=CC1=CC=CC=C1,1.59,water,O,1.0,1.33
0.07con_109.51nm_ps_loop2.jpg,0.007,109.51,2,polystyrene,styrene (vinylbenzene),C=CC1=CC=CC=C1,1.59,water,O,1.0,1.33
0.07con_109.51nm_ps_loop3.jpg,0.007,109.51,3,polystyrene,styrene (vinylbenzene),C=CC1=CC=CC=C1,1.59,water,O,1.0,1.33
0.07con_109.51nm_ps_loop4.jpg,0.007,109.51,4,polystyrene,styrene (vinylbenzene),C=CC1=CC=CC=C1,1.59,water,O,1.0,1.33
0.07con_160.53nm_ps_loop0.jpg,0.007,160.53,0,polystyrene,styrene (vinylbenzene),C=CC1=CC=CC=C1,1.59,water,O,1.0,1.33
0.07con_160.53nm_ps_loop1.jpg,0.007,160.53,1,polystyrene,styrene (vinylbenzene),C=CC1=CC=CC=C1,1.59,water,O,1.0,1.33
0.07con_160.53nm_ps_loop2.jpg,0.007,160.53,2,polystyrene,styrene (vinylbenzene),C=CC1=CC=CC=C1,1.59,water,O,1.0,1.33
0.07con_160.53nm_ps_loop3.jpg,0.007,160.53,3,polystyrene,styrene (vinylbenzene),C=CC1=CC=CC=C1,1.59,water,O,1.0,1.33
0.07con_160.53nm_ps_loop4.jpg,0.007,160.53,4,polystyrene,styrene (vinylbenzene),C=CC1=CC=CC=C1,1.59,water,O,1.0,1.33
0.07con_217.2nm_ps_loop0.jpg,0.007,217.2,0,polystyrene,styrene (vinylbenzene),C=CC1=CC=CC=C1,1.59,water,O,1.0,1.33
0.07con_217.2nm_ps_loop1.jpg,0.007,217.2,1,polystyrene,styrene (vinylbenzene),C=CC1=CC=CC=C1,1.59,water,O,1.0,1.33
0.07con_217.2nm_ps_loop2.jpg,0.007,217.2,2,polystyrene,styrene (vinylbenzene),C=CC1=CC=CC=C1,1.59,water,O,1.0,1.33
0.07con_217.2nm_ps_loop3.jpg,0.007,217.2,3,polystyrene,styrene (vinylbenzene),C=CC1=CC=CC=C1,1.59,water,O,1.0,1.33
0.07con_217.2nm_ps_loop4.jpg,0.007,217.2,4,polystyrene,styrene (vinylbenzene),C=CC1=CC=CC=C1,1.59,water,O,1.0,1.33
0.07con_23.96nm_ps_loop0.jpg,0.007,23.96,0,polystyrene,styrene (vinylbenzene),C=CC1=CC=CC=C1,1.59,water,O,1.0,1.33
0.07con_23.96nm_ps_loop1.jpg,0.007,23.96,1,polystyrene,styrene (vinylbenzene),C=CC1=CC=CC=C1,1.59,water,O,1.0,1.33
0.07con_23.96nm_ps_loop2.jpg,0.007,23.96,2,polystyrene,styrene (vinylbenzene),C=CC1=CC=CC=C1,1.59,water,O,1.0,1.33
0.07con_23.96nm_ps_loop3.jpg,0.007,23.96,3,polystyrene,styrene (vinylbenzene),C=CC1=CC=CC=C1,1.59,water,O,1.0,1.33
0.07con_23.96nm_ps_loop4.jpg,0.007,23.96,4,polystyrene,styrene (vinylbenzene),C=CC1=CC=CC=C1,1.59,water,O,1.0,1.33
0.07con_252.91nm_ps_loop0.jpg,0.007,252.91,0,polystyrene,styrene (vinylbenzene),C=CC1=CC=CC=C1,1.59,water,O,1.0,1.33
0.07con_252.91nm_ps_loop1.jpg,0.007,252.91,1,polystyrene,styrene (vinylbenzene),C=CC1=CC=CC=C1,1.59,water,O,1.0,1.33
0.07con_252.91nm_ps_loop2.jpg,0.007,252.91,2,polystyrene,styrene (vinylbenzene),C=CC1=CC=CC=C1,1.59,water,O,1.0,1.33
0.07con_252.91nm_ps_loop3.jpg,0.007,252.91,3,polystyrene,styrene (vinylbenzene),C=CC1=CC=CC=C1,1.59,water,O,1.0,1.33
0.07con_252.91nm_ps_loop4.jpg,0.007,252.91,4,polystyrene,styrene (vinylbenzene),C=CC1=CC=CC=C1,1.59,water,O,1.0,1.33
0.07con_322.91nm_PS_loop0.jpg,0.007,322.91,0,polystyrene,styrene (vinylbenzene),C=CC1=CC=CC=C1,1.59,water,O,1.0,1.33
0.07con_322.91nm_PS_loop1.jpg,0.007,322.91,1,polystyrene,styrene (vinylbenzene),C=CC1=CC=CC=C1,1.59,water,O,1.0,1.33
0.07con_322.91nm_PS_loop2.jpg,0.007,322.91,2,polystyrene,styrene (vinylbenzene),C=CC1=CC=CC=C1,1.59,water,O,1.0,1.33
0.07con_322.91nm_PS_loop3.jpg,0.007,322.91,3,polystyrene,styrene (vinylbenzene),C=CC1=CC=CC=C1,1.59,water,O,1.0,1.33
0.07con_322.91nm_PS_loop4.jpg,0.007,322.91,4,polystyrene,styrene (vinylbenzene),C=CC1=CC=CC=C1,1.59,water,O,1.0,1.33
0.07con_34.01nm_ps_loop0.jpg,0.007,34.01,0,polystyrene,styrene (vinylbenzene),C=CC1=CC=CC=C1,1.59,water,O,1.0,1.33
0.07con_34.01nm_ps_loop1.jpg,0.007,34.01,1,polystyrene,styrene (vinylbenzene),C=CC1=CC=CC=C1,1.59,water,O,1.0,1.33
0.07con_34.01nm_ps_loop2.jpg,0.007,34.01,2,polystyrene,styrene (vinylbenzene),C=CC1=CC=CC=C1,1.59,water,O,1.0,1.33
0.07con_34.01nm_ps_loop3.jpg,0.007,34.01,3,polystyrene,styrene (vinylbenzene),C=CC1=CC=CC=C1,1.59,water,O,1.0,1.33
0.07con_34.01nm_ps_loop4.jpg,0.007,34.01,4,polystyrene,styrene (vinylbenzene),C=CC1=CC=CC=C1,1.59,water,O,1.0,1.33
0.07con_360.53nm_ps_loop0.jpg,0.007,360.53,0,polystyrene,styrene (vinylbenzene),C=CC1=CC=CC=C1,1.59,water,O,1.0,1.33
0.07con_360.53nm_ps_loop1.jpg,0.007,360.53,1,polystyrene,styrene (vinylbenzene),C=CC1=CC=CC=C1,1.59,water,O,1.0,1.33
0.07con_360.53nm_ps_loop2.jpg,0.007,360.53,2,polystyrene,styrene (vinylbenzene),C=CC1=CC=CC=C1,1.59,water,O,1.0,1.33
0.07con_360.53nm_ps_loop3.jpg,0.007,360.53,3,polystyrene,styrene (vinylbenzene),C=CC1=CC=CC=C1,1.59,water,O,1.0,1.33
0.07con_360.53nm_ps_loop4.jpg,0.007,360.53,4,polystyrene,styrene (vinylbenzene),C=CC1=CC=CC=C1,1.59,water,O,1.0,1.33
0.07con_444.41nm_ps_loop0.jpg,0.007,444.41,0,polystyrene,styrene (vinylbenzene),C=CC1=CC=CC=C1,1.59,water,O,1.0,1.33
0.07con_444.41nm_ps_loop1.jpg,0.007,444.41,1,polystyrene,styrene (vinylbenzene),C=CC1=CC=CC=C1,1.59,water,O,1.0,1.33
0.07con_444.41nm_ps_loop2.jpg,0.007,444.41,2,polystyrene,styrene (vinylbenzene),C=CC1=CC=CC=C1,1.59,water,O,1.0,1.33
0.07con_444.41nm_ps_loop3.jpg,0.007,444.41,3,polystyrene,styrene (vinylbenzene),C=CC1=CC=CC=C1,1.59,water,O,1.0,1.33
0.07con_444.41nm_ps_loop4.jpg,0.007,444.41,4,polystyrene,styrene (vinylbenzene),C=CC1=CC=CC=C1,1.59,water,O,1.0,1.33
0.07con_60.53nm_ps_loop0.jpg,0.007,60.53,0,polystyrene,styrene (vinylbenzene),C=CC1=CC=CC=C1,1.59,water,O,1.0,1.33
0.07con_60.53nm_ps_loop1.jpg,0.007,60.53,1,polystyrene,styrene (vinylbenzene),C=CC1=CC=CC=C1,1.59,water,O,1.0,1.33
0.07con_60.53nm_ps_loop2.jpg,0.007,60.53,2,polystyrene,styrene (vinylbenzene),C=CC1=CC=CC=C1,1.59,water,O,1.0,1.33
0.07con_60.53nm_ps_loop3.jpg,0.007,60.53,3,polystyrene,styrene (vinylbenzene),C=CC1=CC=CC=C1,1.59,water,O,1.0,1.33
0.07con_60.53nm_ps_loop4.jpg,0.007,60.53,4,polystyrene,styrene (vinylbenzene),C=CC1=CC=CC=C1,1.59,water,O,1.0,1.33
0.07con_68.65nm_PS_loop0.jpg,0.007,68.65,0,polystyrene,styrene (vinylbenzene),C=CC1=CC=CC=C1,1.59,water,O,1.0,1.33
0.07con_68.65nm_PS_loop1.jpg,0.007,68.65,1,polystyrene,styrene (vinylbenzene),C=CC1=CC=CC=C1,1.59,water,O,1.0,1.33
0.07con_68.65nm_PS_loop2.jpg,0.007,68.65,2,polystyrene,styrene (vinylbenzene),C=CC1=CC=CC=C1,1.59,water,O,1.0,1.33
0.07con_68.65nm_PS_loop3.jpg,0.007,68.65,3,polystyrene,styrene (vinylbenzene),C=CC1=CC=CC=C1,1.59,water,O,1.0,1.33
0.07con_68.65nm_PS_loop4.jpg,0.007,68.65,4,polystyrene,styrene (vinylbenzene),C=CC1=CC=CC=C1,1.59,water,O,1.0,1.33
0.07con_83.23nm_PS_loop0.jpg,0.007,83.23,0,polystyrene,styrene (vinylbenzene),C=CC1=CC=CC=C1,1.59,water,O,1.0,1.33
0.07con_83.23nm_PS_loop1.jpg,0.007,83.23,1,polystyrene,styrene (vinylbenzene),C=CC1=CC=CC=C1,1.59,water,O,1.0,1.33
0.07con_83.23nm_PS_loop2.jpg,0.007,83.23,2,polystyrene,styrene (vinylbenzene),C=CC1=CC=CC=C1,1.59,water,O,1.0,1.33
0.07con_83.23nm_PS_loop3.jpg,0.007,83.23,3,polystyrene,styrene (vinylbenzene),C=CC1=CC=CC=C1,1.59,water,O,1.0,1.33
0.07con_83.23nm_PS_loop4.jpg,0.007,83.23,4,polystyrene,styrene (vinylbenzene),C=CC1=CC=CC=C1,1.59,water,O,1.0,1.33
0.10con_109.51nm_ps_loop0.jpg,0.01,109.51,0,polystyrene,styrene (vinylbenzene),C=CC1=CC=CC=C1,1.59,water,O,1.0,1.33
0.10con_109.51nm_ps_loop1.jpg,0.01,109.51,1,polystyrene,styrene (vinylbenzene),C=CC1=CC=CC=C1,1.59,water,O,1.0,1.33
0.10con_109.51nm_ps_loop2.jpg,0.01,109.51,2,polystyrene,styrene (vinylbenzene),C=CC1=CC=CC=C1,1.59,water,O,1.0,1.33
0.10con_109.51nm_ps_loop3.jpg,0.01,109.51,3,polystyrene,styrene (vinylbenzene),C=CC1=CC=CC=C1,1.59,water,O,1.0,1.33
0.10con_109.51nm_ps_loop4.jpg,0.01,109.51,4,polystyrene,styrene (vinylbenzene),C=CC1=CC=CC=C1,1.59,water,O,1.0,1.33
0.10con_160.53nm_ps_loop0.jpg,0.01,160.53,0,polystyrene,styrene (vinylbenzene),C=CC1=CC=CC=C1,1.59,water,O,1.0,1.33
0.10con_160.53nm_ps_loop1.jpg,0.01,160.53,1,polystyrene,styrene (vinylbenzene),C=CC1=CC=CC=C1,1.59,water,O,1.0,1.33
0.10con_160.53nm_ps_loop2.jpg,0.01,160.53,2,polystyrene,styrene (vinylbenzene),C=CC1=CC=CC=C1,1.59,water,O,1.0,1.33
0.10con_160.53nm_ps_loop3.jpg,0.01,160.53,3,polystyrene,styrene (vinylbenzene),C=CC1=CC=CC=C1,1.59,water,O,1.0,1.33
0.10con_160.53nm_ps_loop4.jpg,0.01,160.53,4,polystyrene,styrene (vinylbenzene),C=CC1=CC=CC=C1,1.59,water,O,1.0,1.33
0.10con_217.2nm_ps_loop0.jpg,0.01,217.2,0,polystyrene,styrene (vinylbenzene),C=CC1=CC=CC=C1,1.59,water,O,1.0,1.33
0.10con_217.2nm_ps_loop1.jpg,0.01,217.2,1,polystyrene,styrene (vinylbenzene),C=CC1=CC=CC=C1,1.59,water,O,1.0,1.33
0.10con_217.2nm_ps_loop2.jpg,0.01,217.2,2,polystyrene,styrene (vinylbenzene),C=CC1=CC=CC=C1,1.59,water,O,1.0,1.33
0.10con_217.2nm_ps_loop3.jpg,0.01,217.2,3,polystyrene,styrene (vinylbenzene),C=CC1=CC=CC=C1,1.59,water,O,1.0,1.33
0.10con_217.2nm_ps_loop4.jpg,0.01,217.2,4,polystyrene,styrene (vinylbenzene),C=CC1=CC=CC=C1,1.59,water,O,1.0,1.33
0.10con_23.96nm_ps_loop0.jpg,0.01,23.96,0,polystyrene,styrene (vinylbenzene),C=CC1=CC=CC=C1,1.59,water,O,1.0,1.33
0.10con_23.96nm_ps_loop1.jpg,0.01,23.96,1,polystyrene,styrene (vinylbenzene),C=CC1=CC=CC=C1,1.59,water,O,1.0,1.33
0.10con_23.96nm_ps_loop2.jpg,0.01,23.96,2,polystyrene,styrene (vinylbenzene),C=CC1=CC=CC=C1,1.59,water,O,1.0,1.33
0.10con_23.96nm_ps_loop3.jpg,0.01,23.96,3,polystyrene,styrene (vinylbenzene),C=CC1=CC=CC=C1,1.59,water,O,1.0,1.33
0.10con_23.96nm_ps_loop4.jpg,0.01,23.96,4,polystyrene,styrene (vinylbenzene),C=CC1=CC=CC=C1,1.59,water,O,1.0,1.33
0.10con_252.91nm_ps_loop0.jpg,0.01,252.91,0,polystyrene,styrene (vinylbenzene),C=CC1=CC=CC=C1,1.59,water,O,1.0,1.33
0.10con_252.91nm_ps_loop1.jpg,0.01,252.91,1,polystyrene,styrene (vinylbenzene),C=CC1=CC=CC=C1,1.59,water,O,1.0,1.33
0.10con_252.91nm_ps_loop2.jpg,0.01,252.91,2,polystyrene,styrene (vinylbenzene),C=CC1=CC=CC=C1,1.59,water,O,1.0,1.33
0.10con_252.91nm_ps_loop3.jpg,0.01,252.91,3,polystyrene,styrene (vinylbenzene),C=CC1=CC=CC=C1,1.59,water,O,1.0,1.33
0.10con_252.91nm_ps_loop4.jpg,0.01,252.91,4,polystyrene,styrene (vinylbenzene),C=CC1=CC=CC=C1,1.59,water,O,1.0,1.33
0.10con_322.91nm_PS_loop0.jpg,0.01,322.91,0,polystyrene,styrene (vinylbenzene),C=CC1=CC=CC=C1,1.59,water,O,1.0,1.33
0.10con_322.91nm_PS_loop1.jpg,0.01,322.91,1,polystyrene,styrene (vinylbenzene),C=CC1=CC=CC=C1,1.59,water,O,1.0,1.33
0.10con_322.91nm_PS_loop2.jpg,0.01,322.91,2,polystyrene,styrene (vinylbenzene),C=CC1=CC=CC=C1,1.59,water,O,1.0,1.33
0.10con_322.91nm_PS_loop3.jpg,0.01,322.91,3,polystyrene,styrene (vinylbenzene),C=CC1=CC=CC=C1,1.59,water,O,1.0,1.33
0.10con_322.91nm_PS_loop4.jpg,0.01,322.91,4,polystyrene,styrene (vinylbenzene),C=CC1=CC=CC=C1,1.59,water,O,1.0,1.33
0.10con_34.01nm_ps_loop0.jpg,0.01,34.01,0,polystyrene,styrene (vinylbenzene),C=CC1=CC=CC=C1,1.59,water,O,1.0,1.33
0.10con_34.01nm_ps_loop1.jpg,0.01,34.01,1,polystyrene,styrene (vinylbenzene),C=CC1=CC=CC=C1,1.59,water,O,1.0,1.33
0.10con_34.01nm_ps_loop2.jpg,0.01,34.01,2,polystyrene,styrene (vinylbenzene),C=CC1=CC=CC=C1,1.59,water,O,1.0,1.33
0.10con_34.01nm_ps_loop3.jpg,0.01,34.01,3,polystyrene,styrene (vinylbenzene),C=CC1=CC=CC=C1,1.59,water,O,1.0,1.33
0.10con_34.01nm_ps_loop4.jpg,0.01,34.01,4,polystyrene,styrene (vinylbenzene),C=CC1=CC=CC=C1,1.59,water,O,1.0,1.33
0.10con_360.53nm_ps_loop0.jpg,0.01,360.53,0,polystyrene,styrene (vinylbenzene),C=CC1=CC=CC=C1,1.59,water,O,1.0,1.33
0.10con_360.53nm_ps_loop1.jpg,0.01,360.53,1,polystyrene,styrene (vinylbenzene),C=CC1=CC=CC=C1,1.59,water,O,1.0,1.33
0.10con_360.53nm_ps_loop2.jpg,0.01,360.53,2,polystyrene,styrene (vinylbenzene),C=CC1=CC=CC=C1,1.59,water,O,1.0,1.33
0.10con_360.53nm_ps_loop3.jpg,0.01,360.53,3,polystyrene,styrene (vinylbenzene),C=CC1=CC=CC=C1,1.59,water,O,1.0,1.33
0.10con_360.53nm_ps_loop4.jpg,0.01,360.53,4,polystyrene,styrene (vinylbenzene),C=CC1=CC=CC=C1,1.59,water,O,1.0,1.33
0.10con_444.41nm_ps_loop0.jpg,0.01,444.41,0,polystyrene,styrene (vinylbenzene),C=CC1=CC=CC=C1,1.59,water,O,1.0,1.33
0.10con_444.41nm_ps_loop1.jpg,0.01,444.41,1,polystyrene,styrene (vinylbenzene),C=CC1=CC=CC=C1,1.59,water,O,1.0,1.33
0.10con_444.41nm_ps_loop2.jpg,0.01,444.41,2,polystyrene,styrene (vinylbenzene),C=CC1=CC=CC=C1,1.59,water,O,1.0,1.33
0.10con_444.41nm_ps_loop3.jpg,0.01,444.41,3,polystyrene,styrene (vinylbenzene),C=CC1=CC=CC=C1,1.59,water,O,1.0,1.33
0.10con_444.41nm_ps_loop4.jpg,0.01,444.41,4,polystyrene,styrene (vinylbenzene),C=CC1=CC=CC=C1,1.59,water,O,1.0,1.33
0.10con_60.53nm_ps_loop0.jpg,0.01,60.53,0,polystyrene,styrene (vinylbenzene),C=CC1=CC=CC=C1,1.59,water,O,1.0,1.33
0.10con_60.53nm_ps_loop1.jpg,0.01,60.53,1,polystyrene,styrene (vinylbenzene),C=CC1=CC=CC=C1,1.59,water,O,1.0,1.33
0.10con_60.53nm_ps_loop2.jpg,0.01,60.53,2,polystyrene,styrene (vinylbenzene),C=CC1=CC=CC=C1,1.59,water,O,1.0,1.33
0.10con_60.53nm_ps_loop3.jpg,0.01,60.53,3,polystyrene,styrene (vinylbenzene),C=CC1=CC=CC=C1,1.59,water,O,1.0,1.33
0.10con_60.53nm_ps_loop4.jpg,0.01,60.53,4,polystyrene,styrene (vinylbenzene),C=CC1=CC=CC=C1,1.59,water,O,1.0,1.33
0.10con_68.65nm_PS_loop0.jpg,0.01,68.65,0,polystyrene,styrene (vinylbenzene),C=CC1=CC=CC=C1,1.59,water,O,1.0,1.33
0.10con_68.65nm_PS_loop1.jpg,0.01,68.65,1,polystyrene,styrene (vinylbenzene),C=CC1=CC=CC=C1,1.59,water,O,1.0,1.33
0.10con_68.65nm_PS_loop2.jpg,0.01,68.65,2,polystyrene,styrene (vinylbenzene),C=CC1=CC=CC=C1,1.59,water,O,1.0,1.33
0.10con_68.65nm_PS_loop3.jpg,0.01,68.65,3,polystyrene,styrene (vinylbenzene),C=CC1=CC=CC=C1,1.59,water,O,1.0,1.33
0.10con_68.65nm_PS_loop4.jpg,0.01,68.65,4,polystyrene,styrene (vinylbenzene),C=CC1=CC=CC=C1,1.59,water,O,1.0,1.33
0.10con_83.23nm_PS_loop0.jpg,0.01,83.23,0,polystyrene,styrene (vinylbenzene),C=CC1=CC=CC=C1,1.59,water,O,1.0,1.33
0.10con_83.23nm_PS_loop1.jpg,0.01,83.23,1,polystyrene,styrene (vinylbenzene),C=CC1=CC=CC=C1,1.59,water,O,1.0,1.33
0.10con_83.23nm_PS_loop2.jpg,0.01,83.23,2,polystyrene,styrene (vinylbenzene),C=CC1=CC=CC=C1,1.59,water,O,1.0,1.33
0.10con_83.23nm_PS_loop3.jpg,0.01,83.23,3,polystyrene,styrene (vinylbenzene),C=CC1=CC=CC=C1,1.59,water,O,1.0,1.33
0.10con_83.23nm_PS_loop4.jpg,0.01,83.23,4,polystyrene,styrene (vinylbenzene),C=CC1=CC=CC=C1,1.59,water,O,1.0,1.33
0.13con_109.51nm_ps_loop0.jpg,0.013,109.51,0,polystyrene,styrene (vinylbenzene),C=CC1=CC=CC=C1,1.59,water,O,1.0,1.33
0.13con_109.51nm_ps_loop1.jpg,0.013,109.51,1,polystyrene,styrene (vinylbenzene),C=CC1=CC=CC=C1,1.59,water,O,1.0,1.33
0.13con_109.51nm_ps_loop2.jpg,0.013,109.51,2,polystyrene,styrene (vinylbenzene),C=CC1=CC=CC=C1,1.59,water,O,1.0,1.33
0.13con_109.51nm_ps_loop3.jpg,0.013,109.51,3,polystyrene,styrene (vinylbenzene),C=CC1=CC=CC=C1,1.59,water,O,1.0,1.33
0.13con_109.51nm_ps_loop4.jpg,0.013,109.51,4,polystyrene,styrene (vinylbenzene),C=CC1=CC=CC=C1,1.59,water,O,1.0,1.33
0.13con_160.53nm_ps_loop0.jpg,0.013,160.53,0,polystyrene,styrene (vinylbenzene),C=CC1=CC=CC=C1,1.59,water,O,1.0,1.33
0.13con_160.53nm_ps_loop1.jpg,0.013,160.53,1,polystyrene,styrene (vinylbenzene),C=CC1=CC=CC=C1,1.59,water,O,1.0,1.33
0.13con_160.53nm_ps_loop2.jpg,0.013,160.53,2,polystyrene,styrene (vinylbenzene),C=CC1=CC=CC=C1,1.59,water,O,1.0,1.33
0.13con_160.53nm_ps_loop3.jpg,0.013,160.53,3,polystyrene,styrene (vinylbenzene),C=CC1=CC=CC=C1,1.59,water,O,1.0,1.33
0.13con_160.53nm_ps_loop4.jpg,0.013,160.53,4,polystyrene,styrene (vinylbenzene),C=CC1=CC=CC=C1,1.59,water,O,1.0,1.33
0.13con_217.2nm_ps_loop0.jpg,0.013,217.2,0,polystyrene,styrene (vinylbenzene),C=CC1=CC=CC=C1,1.59,water,O,1.0,1.33
0.13con_217.2nm_ps_loop1.jpg,0.013,217.2,1,polystyrene,styrene (vinylbenzene),C=CC1=CC=CC=C1,1.59,water,O,1.0,1.33
0.13con_217.2nm_ps_loop2.jpg,0.013,217.2,2,polystyrene,styrene (vinylbenzene),C=CC1=CC=CC=C1,1.59,water,O,1.0,1.33
0.13con_217.2nm_ps_loop3.jpg,0.013,217.2,3,polystyrene,styrene (vinylbenzene),C=CC1=CC=CC=C1,1.59,water,O,1.0,1.33
0.13con_217.2nm_ps_loop4.jpg,0.013,217.2,4,polystyrene,styrene (vinylbenzene),C=CC1=CC=CC=C1,1.59,water,O,1.0,1.33
0.13con_23.96nm_ps_loop0.jpg,0.013,23.96,0,polystyrene,styrene (vinylbenzene),C=CC1=CC=CC=C1,1.59,water,O,1.0,1.33
0.13con_23.96nm_ps_loop1.jpg,0.013,23.96,1,polystyrene,styrene (vinylbenzene),C=CC1=CC=CC=C1,1.59,water,O,1.0,1.33
0.13con_23.96nm_ps_loop2.jpg,0.013,23.96,2,polystyrene,styrene (vinylbenzene),C=CC1=CC=CC=C1,1.59,water,O,1.0,1.33
0.13con_23.96nm_ps_loop3.jpg,0.013,23.96,3,polystyrene,styrene (vinylbenzene),C=CC1=CC=CC=C1,1.59,water,O,1.0,1.33
0.13con_23.96nm_ps_loop4.jpg,0.013,23.96,4,polystyrene,styrene (vinylbenzene),C=CC1=CC=CC=C1,1.59,water,O,1.0,1.33
0.13con_252.91nm_ps_loop0.jpg,0.013,252.91,0,polystyrene,styrene (vinylbenzene),C=CC1=CC=CC=C1,1.59,water,O,1.0,1.33
0.13con_252.91nm_ps_loop1.jpg,0.013,252.91,1,polystyrene,styrene (vinylbenzene),C=CC1=CC=CC=C1,1.59,water,O,1.0,1.33
0.13con_252.91nm_ps_loop2.jpg,0.013,252.91,2,polystyrene,styrene (vinylbenzene),C=CC1=CC=CC=C1,1.59,water,O,1.0,1.33
0.13con_252.91nm_ps_loop3.jpg,0.013,252.91,3,polystyrene,styrene (vinylbenzene),C=CC1=CC=CC=C1,1.59,water,O,1.0,1.33
0.13con_252.91nm_ps_loop4.jpg,0.013,252.91,4,polystyrene,styrene (vinylbenzene),C=CC1=CC=CC=C1,1.59,water,O,1.0,1.33
0.13con_322.91nm_PS_loop0.jpg,0.013,322.91,0,polystyrene,styrene (vinylbenzene),C=CC1=CC=CC=C1,1.59,water,O,1.0,1.33
0.13con_322.91nm_PS_loop1.jpg,0.013,322.91,1,polystyrene,styrene (vinylbenzene),C=CC1=CC=CC=C1,1.59,water,O,1.0,1.33
0.13con_322.91nm_PS_loop2.jpg,0.013,322.91,2,polystyrene,styrene (vinylbenzene),C=CC1=CC=CC=C1,1.59,water,O,1.0,1.33
0.13con_322.91nm_PS_loop3.jpg,0.013,322.91,3,polystyrene,styrene (vinylbenzene),C=CC1=CC=CC=C1,1.59,water,O,1.0,1.33
0.13con_322.91nm_PS_loop4.jpg,0.013,322.91,4,polystyrene,styrene (vinylbenzene),C=CC1=CC=CC=C1,1.59,water,O,1.0,1.33
0.13con_34.01nm_ps_loop0.jpg,0.013,34.01,0,polystyrene,styrene (vinylbenzene),C=CC1=CC=CC=C1,1.59,water,O,1.0,1.33
0.13con_34.01nm_ps_loop1.jpg,0.013,34.01,1,polystyrene,styrene (vinylbenzene),C=CC1=CC=CC=C1,1.59,water,O,1.0,1.33
0.13con_34.01nm_ps_loop2.jpg,0.013,34.01,2,polystyrene,styrene (vinylbenzene),C=CC1=CC=CC=C1,1.59,water,O,1.0,1.33
0.13con_34.01nm_ps_loop3.jpg,0.013,34.01,3,polystyrene,styrene (vinylbenzene),C=CC1=CC=CC=C1,1.59,water,O,1.0,1.33
0.13con_34.01nm_ps_loop4.jpg,0.013,34.01,4,polystyrene,styrene (vinylbenzene),C=CC1=CC=CC=C1,1.59,water,O,1.0,1.33
0.13con_360.53nm_ps_loop0.jpg,0.013,360.53,0,polystyrene,styrene (vinylbenzene),C=CC1=CC=CC=C1,1.59,water,O,1.0,1.33
0.13con_360.53nm_ps_loop1.jpg,0.013,360.53,1,polystyrene,styrene (vinylbenzene),C=CC1=CC=CC=C1,1.59,water,O,1.0,1.33
0.13con_360.53nm_ps_loop2.jpg,0.013,360.53,2,polystyrene,styrene (vinylbenzene),C=CC1=CC=CC=C1,1.59,water,O,1.0,1.33
0.13con_360.53nm_ps_loop3.jpg,0.013,360.53,3,polystyrene,styrene (vinylbenzene),C=CC1=CC=CC=C1,1.59,water,O,1.0,1.33
0.13con_360.53nm_ps_loop4.jpg,0.013,360.53,4,polystyrene,styrene (vinylbenzene),C=CC1=CC=CC=C1,1.59,water,O,1.0,1.33
0.13con_444.41nm_ps_loop0.jpg,0.013,444.41,0,polystyrene,styrene (vinylbenzene),C=CC1=CC=CC=C1,1.59,water,O,1.0,1.33
0.13con_444.41nm_ps_loop1.jpg,0.013,444.41,1,polystyrene,styrene (vinylbenzene),C=CC1=CC=CC=C1,1.59,water,O,1.0,1.33
0.13con_444.41nm_ps_loop2.jpg,0.013,444.41,2,polystyrene,styrene (vinylbenzene),C=CC1=CC=CC=C1,1.59,water,O,1.0,1.33
0.13con_444.41nm_ps_loop3.jpg,0.013,444.41,3,polystyrene,styrene (vinylbenzene),C=CC1=CC=CC=C1,1.59,water,O,1.0,1.33
0.13con_444.41nm_ps_loop4.jpg,0.013,444.41,4,polystyrene,styrene (vinylbenzene),C=CC1=CC=CC=C1,1.59,water,O,1.0,1.33
0.13con_60.53nm_ps_loop0.jpg,0.013,60.53,0,polystyrene,styrene (vinylbenzene),C=CC1=CC=CC=C1,1.59,water,O,1.0,1.33
0.13con_60.53nm_ps_loop1.jpg,0.013,60.53,1,polystyrene,styrene (vinylbenzene),C=CC1=CC=CC=C1,1.59,water,O,1.0,1.33
0.13con_60.53nm_ps_loop2.jpg,0.013,60.53,2,polystyrene,styrene (vinylbenzene),C=CC1=CC=CC=C1,1.59,water,O,1.0,1.33
0.13con_60.53nm_ps_loop3.jpg,0.013,60.53,3,polystyrene,styrene (vinylbenzene),C=CC1=CC=CC=C1,1.59,water,O,1.0,1.33
0.13con_60.53nm_ps_loop4.jpg,0.013,60.53,4,polystyrene,styrene (vinylbenzene),C=CC1=CC=CC=C1,1.59,water,O,1.0,1.33
0.13con_68.65nm_PS_loop0.jpg,0.013,68.65,0,polystyrene,styrene (vinylbenzene),C=CC1=CC=CC=C1,1.59,water,O,1.0,1.33
0.13con_68.65nm_PS_loop1.jpg,0.013,68.65,1,polystyrene,styrene (vinylbenzene),C=CC1=CC=CC=C1,1.59,water,O,1.0,1.33
0.13con_68.65nm_PS_loop2.jpg,0.013,68.65,2,polystyrene,styrene (vinylbenzene),C=CC1=CC=CC=C1,1.59,water,O,1.0,1.33
0.13con_68.65nm_PS_loop3.jpg,0.013,68.65,3,polystyrene,styrene (vinylbenzene),C=CC1=CC=CC=C1,1.59,water,O,1.0,1.33
0.13con_68.65nm_PS_loop4.jpg,0.013,68.65,4,polystyrene,styrene (vinylbenzene),C=CC1=CC=CC=C1,1.59,water,O,1.0,1.33
0.13con_83.23nm_PS_loop0.jpg,0.013,83.23,0,polystyrene,styrene (vinylbenzene),C=CC1=CC=CC=C1,1.59,water,O,1.0,1.33
0.13con_83.23nm_PS_loop1.jpg,0.013,83.23,1,polystyrene,styrene (vinylbenzene),C=CC1=CC=CC=C1,1.59,water,O,1.0,1.33
0.13con_83.23nm_PS_loop2.jpg,0.013,83.23,2,polystyrene,styrene (vinylbenzene),C=CC1=CC=CC=C1,1.59,water,O,1.0,1.33
0.13con_83.23nm_PS_loop3.jpg,0.013,83.23,3,polystyrene,styrene (vinylbenzene),C=CC1=CC=CC=C1,1.59,water,O,1.0,1.33
0.13con_83.23nm_PS_loop4.jpg,0.013,83.23,4,polystyrene,styrene (vinylbenzene),C=CC1=CC=CC=C1,1.59,water,O,1.0,1.33
0.15con_109.51nm_ps_loop0.jpg,0.015,109.51,0,polystyrene,styrene (vinylbenzene),C=CC1=CC=CC=C1,1.59,water,O,1.0,1.33
0.15con_109.51nm_ps_loop1.jpg,0.015,109.51,1,polystyrene,styrene (vinylbenzene),C=CC1=CC=CC=C1,1.59,water,O,1.0,1.33
0.15con_109.51nm_ps_loop2.jpg,0.015,109.51,2,polystyrene,styrene (vinylbenzene),C=CC1=CC=CC=C1,1.59,water,O,1.0,1.33
0.15con_109.51nm_ps_loop3.jpg,0.015,109.51,3,polystyrene,styrene (vinylbenzene),C=CC1=CC=CC=C1,1.59,water,O,1.0,1.33
0.15con_109.51nm_ps_loop4.jpg,0.015,109.51,4,polystyrene,styrene (vinylbenzene),C=CC1=CC=CC=C1,1.59,water,O,1.0,1.33
0.15con_160.53nm_ps_loop0.jpg,0.015,160.53,0,polystyrene,styrene (vinylbenzene),C=CC1=CC=CC=C1,1.59,water,O,1.0,1.33
0.15con_160.53nm_ps_loop1.jpg,0.015,160.53,1,polystyrene,styrene (vinylbenzene),C=CC1=CC=CC=C1,1.59,water,O,1.0,1.33
0.15con_160.53nm_ps_loop2.jpg,0.015,160.53,2,polystyrene,styrene (vinylbenzene),C=CC1=CC=CC=C1,1.59,water,O,1.0,1.33
0.15con_160.53nm_ps_loop3.jpg,0.015,160.53,3,polystyrene,styrene (vinylbenzene),C=CC1=CC=CC=C1,1.59,water,O,1.0,1.33
0.15con_160.53nm_ps_loop4.jpg,0.015,160.53,4,polystyrene,styrene (vinylbenzene),C=CC1=CC=CC=C1,1.59,water,O,1.0,1.33
0.15con_217.2nm_ps_loop0.jpg,0.015,217.2,0,polystyrene,styrene (vinylbenzene),C=CC1=CC=CC=C1,1.59,water,O,1.0,1.33
0.15con_217.2nm_ps_loop1.jpg,0.015,217.2,1,polystyrene,styrene (vinylbenzene),C=CC1=CC=CC=C1,1.59,water,O,1.0,1.33
0.15con_217.2nm_ps_loop2.jpg,0.015,217.2,2,polystyrene,styrene (vinylbenzene),C=CC1=CC=CC=C1,1.59,water,O,1.0,1.33
0.15con_217.2nm_ps_loop3.jpg,0.015,217.2,3,polystyrene,styrene (vinylbenzene),C=CC1=CC=CC=C1,1.59,water,O,1.0,1.33
0.15con_217.2nm_ps_loop4.jpg,0.015,217.2,4,polystyrene,styrene (vinylbenzene),C=CC1=CC=CC=C1,1.59,water,O,1.0,1.33
0.15con_23.96nm_ps_loop0.jpg,0.015,23.96,0,polystyrene,styrene (vinylbenzene),C=CC1=CC=CC=C1,1.59,water,O,1.0,1.33
0.15con_23.96nm_ps_loop1.jpg,0.015,23.96,1,polystyrene,styrene (vinylbenzene),C=CC1=CC=CC=C1,1.59,water,O,1.0,1.33
0.15con_23.96nm_ps_loop2.jpg,0.015,23.96,2,polystyrene,styrene (vinylbenzene),C=CC1=CC=CC=C1,1.59,water,O,1.0,1.33
0.15con_23.96nm_ps_loop3.jpg,0.015,23.96,3,polystyrene,styrene (vinylbenzene),C=CC1=CC=CC=C1,1.59,water,O,1.0,1.33
0.15con_23.96nm_ps_loop4.jpg,0.015,23.96,4,polystyrene,styrene (vinylbenzene),C=CC1=CC=CC=C1,1.59,water,O,1.0,1.33
0.15con_252.91nm_ps_loop0.jpg,0.015,252.91,0,polystyrene,styrene (vinylbenzene),C=CC1=CC=CC=C1,1.59,water,O,1.0,1.33
0.15con_252.91nm_ps_loop1.jpg,0.015,252.91,1,polystyrene,styrene (vinylbenzene),C=CC1=CC=CC=C1,1.59,water,O,1.0,1.33
0.15con_252.91nm_ps_loop2.jpg,0.015,252.91,2,polystyrene,styrene (vinylbenzene),C=CC1=CC=CC=C1,1.59,water,O,1.0,1.33
0.15con_252.91nm_ps_loop3.jpg,0.015,252.91,3,polystyrene,styrene (vinylbenzene),C=CC1=CC=CC=C1,1.59,water,O,1.0,1.33
0.15con_252.91nm_ps_loop4.jpg,0.015,252.91,4,polystyrene,styrene (vinylbenzene),C=CC1=CC=CC=C1,1.59,water,O,1.0,1.33
0.15con_322.91nm_PS_loop0.jpg,0.015,322.91,0,polystyrene,styrene (vinylbenzene),C=CC1=CC=CC=C1,1.59,water,O,1.0,1.33
0.15con_322.91nm_PS_loop1.jpg,0.015,322.91,1,polystyrene,styrene (vinylbenzene),C=CC1=CC=CC=C1,1.59,water,O,1.0,1.33
0.15con_322.91nm_PS_loop2.jpg,0.015,322.91,2,polystyrene,styrene (vinylbenzene),C=CC1=CC=CC=C1,1.59,water,O,1.0,1.33
0.15con_322.91nm_PS_loop3.jpg,0.015,322.91,3,polystyrene,styrene (vinylbenzene),C=CC1=CC=CC=C1,1.59,water,O,1.0,1.33
0.15con_322.91nm_PS_loop4.jpg,0.015,322.91,4,polystyrene,styrene (vinylbenzene),C=CC1=CC=CC=C1,1.59,water,O,1.0,1.33
0.15con_34.01nm_ps_loop0.jpg,0.015,34.01,0,polystyrene,styrene (vinylbenzene),C=CC1=CC=CC=C1,1.59,water,O,1.0,1.33
0.15con_34.01nm_ps_loop1.jpg,0.015,34.01,1,polystyrene,styrene (vinylbenzene),C=CC1=CC=CC=C1,1.59,water,O,1.0,1.33
0.15con_34.01nm_ps_loop2.jpg,0.015,34.01,2,polystyrene,styrene (vinylbenzene),C=CC1=CC=CC=C1,1.59,water,O,1.0,1.33
0.15con_34.01nm_ps_loop3.jpg,0.015,34.01,3,polystyrene,styrene (vinylbenzene),C=CC1=CC=CC=C1,1.59,water,O,1.0,1.33
0.15con_34.01nm_ps_loop4.jpg,0.015,34.01,4,polystyrene,styrene (vinylbenzene),C=CC1=CC=CC=C1,1.59,water,O,1.0,1.33
0.15con_360.53nm_ps_loop0.jpg,0.015,360.53,0,polystyrene,styrene (vinylbenzene),C=CC1=CC=CC=C1,1.59,water,O,1.0,1.33
0.15con_360.53nm_ps_loop1.jpg,0.015,360.53,1,polystyrene,styrene (vinylbenzene),C=CC1=CC=CC=C1,1.59,water,O,1.0,1.33
0.15con_360.53nm_ps_loop2.jpg,0.015,360.53,2,polystyrene,styrene (vinylbenzene),C=CC1=CC=CC=C1,1.59,water,O,1.0,1.33
0.15con_360.53nm_ps_loop3.jpg,0.015,360.53,3,polystyrene,styrene (vinylbenzene),C=CC1=CC=CC=C1,1.59,water,O,1.0,1.33
0.15con_360.53nm_ps_loop4.jpg,0.015,360.53,4,polystyrene,styrene (vinylbenzene),C=CC1=CC=CC=C1,1.59,water,O,1.0,1.33
0.15con_444.41nm_ps_loop0.jpg,0.015,444.41,0,polystyrene,styrene (vinylbenzene),C=CC1=CC=CC=C1,1.59,water,O,1.0,1.33
0.15con_444.41nm_ps_loop1.jpg,0.015,444.41,1,polystyrene,styrene (vinylbenzene),C=CC1=CC=CC=C1,1.59,water,O,1.0,1.33
0.15con_444.41nm_ps_loop2.jpg,0.015,444.41,2,polystyrene,styrene (vinylbenzene),C=CC1=CC=CC=C1,1.59,water,O,1.0,1.33
0.15con_444.41nm_ps_loop3.jpg,0.015,444.41,3,polystyrene,styrene (vinylbenzene),C=CC1=CC=CC=C1,1.59,water,O,1.0,1.33
0.15con_444.41nm_ps_loop4.jpg,0.015,444.41,4,polystyrene,styrene (vinylbenzene),C=CC1=CC=CC=C1,1.59,water,O,1.0,1.33
0.15con_60.53nm_ps_loop0.jpg,0.015,60.53,0,polystyrene,styrene (vinylbenzene),C=CC1=CC=CC=C1,1.59,water,O,1.0,1.33
0.15con_60.53nm_ps_loop1.jpg,0.015,60.53,1,polystyrene,styrene (vinylbenzene),C=CC1=CC=CC=C1,1.59,water,O,1.0,1.33
0.15con_60.53nm_ps_loop2.jpg,0.015,60.53,2,polystyrene,styrene (vinylbenzene),C=CC1=CC=CC=C1,1.59,water,O,1.0,1.33
0.15con_60.53nm_ps_loop3.jpg,0.015,60.53,3,polystyrene,styrene (vinylbenzene),C=CC1=CC=CC=C1,1.59,water,O,1.0,1.33
0.15con_60.53nm_ps_loop4.jpg,0.015,60.53,4,polystyrene,styrene (vinylbenzene),C=CC1=CC=CC=C1,1.59,water,O,1.0,1.33
0.15con_68.65nm_PS_loop0.jpg,0.015,68.65,0,polystyrene,styrene (vinylbenzene),C=CC1=CC=CC=C1,1.59,water,O,1.0,1.33
0.15con_68.65nm_PS_loop1.jpg,0.015,68.65,1,polystyrene,styrene (vinylbenzene),C=CC1=CC=CC=C1,1.59,water,O,1.0,1.33
0.15con_68.65nm_PS_loop2.jpg,0.015,68.65,2,polystyrene,styrene (vinylbenzene),C=CC1=CC=CC=C1,1.59,water,O,1.0,1.33
0.15con_68.65nm_PS_loop3.jpg,0.015,68.65,3,polystyrene,styrene (vinylbenzene),C=CC1=CC=CC=C1,1.59,water,O,1.0,1.33
0.15con_68.65nm_PS_loop4.jpg,0.015,68.65,4,polystyrene,styrene (vinylbenzene),C=CC1=CC=CC=C1,1.59,water,O,1.0,1.33
0.15con_83.23nm_PS_loop0.jpg,0.015,83.23,0,polystyrene,styrene (vinylbenzene),C=CC1=CC=CC=C1,1.59,water,O,1.0,1.33
0.15con_83.23nm_PS_loop1.jpg,0.015,83.23,1,polystyrene,styrene (vinylbenzene),C=CC1=CC=CC=C1,1.59,water,O,1.0,1.33
0.15con_83.23nm_PS_loop2.jpg,0.015,83.23,2,polystyrene,styrene (vinylbenzene),C=CC1=CC=CC=C1,1.59,water,O,1.0,1.33
0.15con_83.23nm_PS_loop3.jpg,0.015,83.23,3,polystyrene,styrene (vinylbenzene),C=CC1=CC=CC=C1,1.59,water,O,1.0,1.33
0.15con_83.23nm_PS_loop4.jpg,0.015,83.23,4,polystyrene,styrene (vinylbenzene),C=CC1=CC=CC=C1,1.59,water,O,1.0,1.33
0.20con_109.51nm_ps_loop0.jpg,0.02,109.51,0,polystyrene,styrene (vinylbenzene),C=CC1=CC=CC=C1,1.59,water,O,1.0,1.33
0.20con_109.51nm_ps_loop1.jpg,0.02,109.51,1,polystyrene,styrene (vinylbenzene),C=CC1=CC=CC=C1,1.59,water,O,1.0,1.33
0.20con_109.51nm_ps_loop2.jpg,0.02,109.51,2,polystyrene,styrene (vinylbenzene),C=CC1=CC=CC=C1,1.59,water,O,1.0,1.33
0.20con_109.51nm_ps_loop3.jpg,0.02,109.51,3,polystyrene,styrene (vinylbenzene),C=CC1=CC=CC=C1,1.59,water,O,1.0,1.33
0.20con_109.51nm_ps_loop4.jpg,0.02,109.51,4,polystyrene,styrene (vinylbenzene),C=CC1=CC=CC=C1,1.59,water,O,1.0,1.33
0.20con_160.53nm_ps_loop0.jpg,0.02,160.53,0,polystyrene,styrene (vinylbenzene),C=CC1=CC=CC=C1,1.59,water,O,1.0,1.33
0.20con_160.53nm_ps_loop1.jpg,0.02,160.53,1,polystyrene,styrene (vinylbenzene),C=CC1=CC=CC=C1,1.59,water,O,1.0,1.33
0.20con_160.53nm_ps_loop2.jpg,0.02,160.53,2,polystyrene,styrene (vinylbenzene),C=CC1=CC=CC=C1,1.59,water,O,1.0,1.33
0.20con_160.53nm_ps_loop3.jpg,0.02,160.53,3,polystyrene,styrene (vinylbenzene),C=CC1=CC=CC=C1,1.59,water,O,1.0,1.33
0.20con_160.53nm_ps_loop4.jpg,0.02,160.53,4,polystyrene,styrene (vinylbenzene),C=CC1=CC=CC=C1,1.59,water,O,1.0,1.33
0.20con_217.2nm_ps_loop0.jpg,0.02,217.2,0,polystyrene,styrene (vinylbenzene),C=CC1=CC=CC=C1,1.59,water,O,1.0,1.33
0.20con_217.2nm_ps_loop1.jpg,0.02,217.2,1,polystyrene,styrene (vinylbenzene),C=CC1=CC=CC=C1,1.59,water,O,1.0,1.33
0.20con_217.2nm_ps_loop2.jpg,0.02,217.2,2,polystyrene,styrene (vinylbenzene),C=CC1=CC=CC=C1,1.59,water,O,1.0,1.33
0.20con_217.2nm_ps_loop3.jpg,0.02,217.2,3,polystyrene,styrene (vinylbenzene),C=CC1=CC=CC=C1,1.59,water,O,1.0,1.33
0.20con_217.2nm_ps_loop4.jpg,0.02,217.2,4,polystyrene,styrene (vinylbenzene),C=CC1=CC=CC=C1,1.59,water,O,1.0,1.33
0.20con_23.96nm_ps_loop0.jpg,0.02,23.96,0,polystyrene,styrene (vinylbenzene),C=CC1=CC=CC=C1,1.59,water,O,1.0,1.33
0.20con_23.96nm_ps_loop1.jpg,0.02,23.96,1,polystyrene,styrene (vinylbenzene),C=CC1=CC=CC=C1,1.59,water,O,1.0,1.33
0.20con_23.96nm_ps_loop2.jpg,0.02,23.96,2,polystyrene,styrene (vinylbenzene),C=CC1=CC=CC=C1,1.59,water,O,1.0,1.33
0.20con_23.96nm_ps_loop3.jpg,0.02,23.96,3,polystyrene,styrene (vinylbenzene),C=CC1=CC=CC=C1,1.59,water,O,1.0,1.33
0.20con_23.96nm_ps_loop4.jpg,0.02,23.96,4,polystyrene,styrene (vinylbenzene),C=CC1=CC=CC=C1,1.59,water,O,1.0,1.33
0.20con_252.91nm_ps_loop0.jpg,0.02,252.91,0,polystyrene,styrene (vinylbenzene),C=CC1=CC=CC=C1,1.59,water,O,1.0,1.33
0.20con_252.91nm_ps_loop1.jpg,0.02,252.91,1,polystyrene,styrene (vinylbenzene),C=CC1=CC=CC=C1,1.59,water,O,1.0,1.33
0.20con_252.91nm_ps_loop2.jpg,0.02,252.91,2,polystyrene,styrene (vinylbenzene),C=CC1=CC=CC=C1,1.59,water,O,1.0,1.33
0.20con_252.91nm_ps_loop3.jpg,0.02,252.91,3,polystyrene,styrene (vinylbenzene),C=CC1=CC=CC=C1,1.59,water,O,1.0,1.33
0.20con_252.91nm_ps_loop4.jpg,0.02,252.91,4,polystyrene,styrene (vinylbenzene),C=CC1=CC=CC=C1,1.59,water,O,1.0,1.33
0.20con_322.91nm_PS_loop0.jpg,0.02,322.91,0,polystyrene,styrene (vinylbenzene),C=CC1=CC=CC=C1,1.59,water,O,1.0,1.33
0.20con_322.91nm_PS_loop1.jpg,0.02,322.91,1,polystyrene,styrene (vinylbenzene),C=CC1=CC=CC=C1,1.59,water,O,1.0,1.33
0.20con_322.91nm_PS_loop2.jpg,0.02,322.91,2,polystyrene,styrene (vinylbenzene),C=CC1=CC=CC=C1,1.59,water,O,1.0,1.33
0.20con_322.91nm_PS_loop3.jpg,0.02,322.91,3,polystyrene,styrene (vinylbenzene),C=CC1=CC=CC=C1,1.59,water,O,1.0,1.33
0.20con_322.91nm_PS_loop4.jpg,0.02,322.91,4,polystyrene,styrene (vinylbenzene),C=CC1=CC=CC=C1,1.59,water,O,1.0,1.33
0.20con_34.01nm_ps_loop0.jpg,0.02,34.01,0,polystyrene,styrene (vinylbenzene),C=CC1=CC=CC=C1,1.59,water,O,1.0,1.33
0.20con_34.01nm_ps_loop1.jpg,0.02,34.01,1,polystyrene,styrene (vinylbenzene),C=CC1=CC=CC=C1,1.59,water,O,1.0,1.33
0.20con_34.01nm_ps_loop2.jpg,0.02,34.01,2,polystyrene,styrene (vinylbenzene),C=CC1=CC=CC=C1,1.59,water,O,1.0,1.33
0.20con_34.01nm_ps_loop3.jpg,0.02,34.01,3,polystyrene,styrene (vinylbenzene),C=CC1=CC=CC=C1,1.59,water,O,1.0,1.33
0.20con_34.01nm_ps_loop4.jpg,0.02,34.01,4,polystyrene,styrene (vinylbenzene),C=CC1=CC=CC=C1,1.59,water,O,1.0,1.33
0.20con_360.53nm_ps_loop0.jpg,0.02,360.53,0,polystyrene,styrene (vinylbenzene),C=CC1=CC=CC=C1,1.59,water,O,1.0,1.33
0.20con_360.53nm_ps_loop1.jpg,0.02,360.53,1,polystyrene,styrene (vinylbenzene),C=CC1=CC=CC=C1,1.59,water,O,1.0,1.33
0.20con_360.53nm_ps_loop2.jpg,0.02,360.53,2,polystyrene,styrene (vinylbenzene),C=CC1=CC=CC=C1,1.59,water,O,1.0,1.33
0.20con_360.53nm_ps_loop3.jpg,0.02,360.53,3,polystyrene,styrene (vinylbenzene),C=CC1=CC=CC=C1,1.59,water,O,1.0,1.33
0.20con_360.53nm_ps_loop4.jpg,0.02,360.53,4,polystyrene,styrene (vinylbenzene),C=CC1=CC=CC=C1,1.59,water,O,1.0,1.33
0.20con_444.41nm_ps_loop0.jpg,0.02,444.41,0,polystyrene,styrene (vinylbenzene),C=CC1=CC=CC=C1,1.59,water,O,1.0,1.33
0.20con_444.41nm_ps_loop1.jpg,0.02,444.41,1,polystyrene,styrene (vinylbenzene),C=CC1=CC=CC=C1,1.59,water,O,1.0,1.33
0.20con_444.41nm_ps_loop2.jpg,0.02,444.41,2,polystyrene,styrene (vinylbenzene),C=CC1=CC=CC=C1,1.59,water,O,1.0,1.33
0.20con_444.41nm_ps_loop3.jpg,0.02,444.41,3,polystyrene,styrene (vinylbenzene),C=CC1=CC=CC=C1,1.59,water,O,1.0,1.33
0.20con_444.41nm_ps_loop4.jpg,0.02,444.41,4,polystyrene,styrene (vinylbenzene),C=CC1=CC=CC=C1,1.59,water,O,1.0,1.33
0.20con_60.53nm_ps_loop0.jpg,0.02,60.53,0,polystyrene,styrene (vinylbenzene),C=CC1=CC=CC=C1,1.59,water,O,1.0,1.33
0.20con_60.53nm_ps_loop1.jpg,0.02,60.53,1,polystyrene,styrene (vinylbenzene),C=CC1=CC=CC=C1,1.59,water,O,1.0,1.33
0.20con_60.53nm_ps_loop2.jpg,0.02,60.53,2,polystyrene,styrene (vinylbenzene),C=CC1=CC=CC=C1,1.59,water,O,1.0,1.33
0.20con_60.53nm_ps_loop3.jpg,0.02,60.53,3,polystyrene,styrene (vinylbenzene),C=CC1=CC=CC=C1,1.59,water,O,1.0,1.33
0.20con_60.53nm_ps_loop4.jpg,0.02,60.53,4,polystyrene,styrene (vinylbenzene),C=CC1=CC=CC=C1,1.59,water,O,1.0,1.33
0.20con_68.65nm_PS_loop0.jpg,0.02,68.65,0,polystyrene,styrene (vinylbenzene),C=CC1=CC=CC=C1,1.59,water,O,1.0,1.33
0.20con_68.65nm_PS_loop1.jpg,0.02,68.65,1,polystyrene,styrene (vinylbenzene),C=CC1=CC=CC=C1,1.59,water,O,1.0,1.33
0.20con_68.65nm_PS_loop2.jpg,0.02,68.65,2,polystyrene,styrene (vinylbenzene),C=CC1=CC=CC=C1,1.59,water,O,1.0,1.33
0.20con_68.65nm_PS_loop3.jpg,0.02,68.65,3,polystyrene,styrene (vinylbenzene),C=CC1=CC=CC=C1,1.59,water,O,1.0,1.33
0.20con_68.65nm_PS_loop4.jpg,0.02,68.65,4,polystyrene,styrene (vinylbenzene),C=CC1=CC=CC=C1,1.59,water,O,1.0,1.33
0.20con_83.23nm_PS_loop0.jpg,0.02,83.23,0,polystyrene,styrene (vinylbenzene),C=CC1=CC=CC=C1,1.59,water,O,1.0,1.33
0.20con_83.23nm_PS_loop1.jpg,0.02,83.23,1,polystyrene,styrene (vinylbenzene),C=CC1=CC=CC=C1,1.59,water,O,1.0,1.33
0.20con_83.23nm_PS_loop2.jpg,0.02,83.23,2,polystyrene,styrene (vinylbenzene),C=CC1=CC=CC=C1,1.59,water,O,1.0,1.33
0.20con_83.23nm_PS_loop3.jpg,0.02,83.23,3,polystyrene,styrene (vinylbenzene),C=CC1=CC=CC=C1,1.59,water,O,1.0,1.33
0.20con_83.23nm_PS_loop4.jpg,0.02,83.23,4,polystyrene,styrene (vinylbenzene),C=CC1=CC=CC=C1,1.59,water,O,1.0,1.33
0.40con_109.51nm_ps_loop0.jpg,0.04,109.51,0,polystyrene,styrene (vinylbenzene),C=CC1=CC=CC=C1,1.59,water,O,1.0,1.33
0.40con_109.51nm_ps_loop1.jpg,0.04,109.51,1,polystyrene,styrene (vinylbenzene),C=CC1=CC=CC=C1,1.59,water,O,1.0,1.33
0.40con_109.51nm_ps_loop2.jpg,0.04,109.51,2,polystyrene,styrene (vinylbenzene),C=CC1=CC=CC=C1,1.59,water,O,1.0,1.33
0.40con_109.51nm_ps_loop3.jpg,0.04,109.51,3,polystyrene,styrene (vinylbenzene),C=CC1=CC=CC=C1,1.59,water,O,1.0,1.33
0.40con_109.51nm_ps_loop4.jpg,0.04,109.51,4,polystyrene,styrene (vinylbenzene),C=CC1=CC=CC=C1,1.59,water,O,1.0,1.33
0.40con_160.53nm_ps_loop0.jpg,0.04,160.53,0,polystyrene,styrene (vinylbenzene),C=CC1=CC=CC=C1,1.59,water,O,1.0,1.33
0.40con_160.53nm_ps_loop1.jpg,0.04,160.53,1,polystyrene,styrene (vinylbenzene),C=CC1=CC=CC=C1,1.59,water,O,1.0,1.33
0.40con_160.53nm_ps_loop2.jpg,0.04,160.53,2,polystyrene,styrene (vinylbenzene),C=CC1=CC=CC=C1,1.59,water,O,1.0,1.33
0.40con_160.53nm_ps_loop3.jpg,0.04,160.53,3,polystyrene,styrene (vinylbenzene),C=CC1=CC=CC=C1,1.59,water,O,1.0,1.33
0.40con_160.53nm_ps_loop4.jpg,0.04,160.53,4,polystyrene,styrene (vinylbenzene),C=CC1=CC=CC=C1,1.59,water,O,1.0,1.33
0.40con_217.2nm_ps_loop0.jpg,0.04,217.2,0,polystyrene,styrene (vinylbenzene),C=CC1=CC=CC=C1,1.59,water,O,1.0,1.33
0.40con_217.2nm_ps_loop1.jpg,0.04,217.2,1,polystyrene,styrene (vinylbenzene),C=CC1=CC=CC=C1,1.59,water,O,1.0,1.33
0.40con_217.2nm_ps_loop2.jpg,0.04,217.2,2,polystyrene,styrene (vinylbenzene),C=CC1=CC=CC=C1,1.59,water,O,1.0,1.33
0.40con_217.2nm_ps_loop3.jpg,0.04,217.2,3,polystyrene,styrene (vinylbenzene),C=CC1=CC=CC=C1,1.59,water,O,1.0,1.33
0.40con_217.2nm_ps_loop4.jpg,0.04,217.2,4,polystyrene,styrene (vinylbenzene),C=CC1=CC=CC=C1,1.59,water,O,1.0,1.33
0.40con_23.96nm_ps_loop0.jpg,0.04,23.96,0,polystyrene,styrene (vinylbenzene),C=CC1=CC=CC=C1,1.59,water,O,1.0,1.33
0.40con_23.96nm_ps_loop1.jpg,0.04,23.96,1,polystyrene,styrene (vinylbenzene),C=CC1=CC=CC=C1,1.59,water,O,1.0,1.33
0.40con_23.96nm_ps_loop2.jpg,0.04,23.96,2,polystyrene,styrene (vinylbenzene),C=CC1=CC=CC=C1,1.59,water,O,1.0,1.33
0.40con_23.96nm_ps_loop3.jpg,0.04,23.96,3,polystyrene,styrene (vinylbenzene),C=CC1=CC=CC=C1,1.59,water,O,1.0,1.33
0.40con_23.96nm_ps_loop4.jpg,0.04,23.96,4,polystyrene,styrene (vinylbenzene),C=CC1=CC=CC=C1,1.59,water,O,1.0,1.33
0.40con_252.91nm_ps_loop0.jpg,0.04,252.91,0,polystyrene,styrene (vinylbenzene),C=CC1=CC=CC=C1,1.59,water,O,1.0,1.33
0.40con_252.91nm_ps_loop1.jpg,0.04,252.91,1,polystyrene,styrene (vinylbenzene),C=CC1=CC=CC=C1,1.59,water,O,1.0,1.33
0.40con_252.91nm_ps_loop2.jpg,0.04,252.91,2,polystyrene,styrene (vinylbenzene),C=CC1=CC=CC=C1,1.59,water,O,1.0,1.33
0.40con_252.91nm_ps_loop3.jpg,0.04,252.91,3,polystyrene,styrene (vinylbenzene),C=CC1=CC=CC=C1,1.59,water,O,1.0,1.33
0.40con_252.91nm_ps_loop4.jpg,0.04,252.91,4,polystyrene,styrene (vinylbenzene),C=CC1=CC=CC=C1,1.59,water,O,1.0,1.33
0.40con_322.91nm_PS_loop0.jpg,0.04,322.91,0,polystyrene,styrene (vinylbenzene),C=CC1=CC=CC=C1,1.59,water,O,1.0,1.33
0.40con_322.91nm_PS_loop1.jpg,0.04,322.91,1,polystyrene,styrene (vinylbenzene),C=CC1=CC=CC=C1,1.59,water,O,1.0,1.33
0.40con_322.91nm_PS_loop2.jpg,0.04,322.91,2,polystyrene,styrene (vinylbenzene),C=CC1=CC=CC=C1,1.59,water,O,1.0,1.33
0.40con_322.91nm_PS_loop3.jpg,0.04,322.91,3,polystyrene,styrene (vinylbenzene),C=CC1=CC=CC=C1,1.59,water,O,1.0,1.33
0.40con_322.91nm_PS_loop4.jpg,0.04,322.91,4,polystyrene,styrene (vinylbenzene),C=CC1=CC=CC=C1,1.59,water,O,1.0,1.33
0.40con_34.01nm_ps_loop0.jpg,0.04,34.01,0,polystyrene,styrene (vinylbenzene),C=CC1=CC=CC=C1,1.59,water,O,1.0,1.33
0.40con_34.01nm_ps_loop1.jpg,0.04,34.01,1,polystyrene,styrene (vinylbenzene),C=CC1=CC=CC=C1,1.59,water,O,1.0,1.33
0.40con_34.01nm_ps_loop2.jpg,0.04,34.01,2,polystyrene,styrene (vinylbenzene),C=CC1=CC=CC=C1,1.59,water,O,1.0,1.33
0.40con_34.01nm_ps_loop3.jpg,0.04,34.01,3,polystyrene,styrene (vinylbenzene),C=CC1=CC=CC=C1,1.59,water,O,1.0,1.33
0.40con_34.01nm_ps_loop4.jpg,0.04,34.01,4,polystyrene,styrene (vinylbenzene),C=CC1=CC=CC=C1,1.59,water,O,1.0,1.33
0.40con_360.53nm_ps_loop0.jpg,0.04,360.53,0,polystyrene,styrene (vinylbenzene),C=CC1=CC=CC=C1,1.59,water,O,1.0,1.33
0.40con_360.53nm_ps_loop1.jpg,0.04,360.53,1,polystyrene,styrene (vinylbenzene),C=CC1=CC=CC=C1,1.59,water,O,1.0,1.33
0.40con_360.53nm_ps_loop2.jpg,0.04,360.53,2,polystyrene,styrene (vinylbenzene),C=CC1=CC=CC=C1,1.59,water,O,1.0,1.33
0.40con_360.53nm_ps_loop3.jpg,0.04,360.53,3,polystyrene,styrene (vinylbenzene),C=CC1=CC=CC=C1,1.59,water,O,1.0,1.33
0.40con_360.53nm_ps_loop4.jpg,0.04,360.53,4,polystyrene,styrene (vinylbenzene),C=CC1=CC=CC=C1,1.59,water,O,1.0,1.33
0.40con_444.41nm_ps_loop0.jpg,0.04,444.41,0,polystyrene,styrene (vinylbenzene),C=CC1=CC=CC=C1,1.59,water,O,1.0,1.33
0.40con_444.41nm_ps_loop1.jpg,0.04,444.41,1,polystyrene,styrene (vinylbenzene),C=CC1=CC=CC=C1,1.59,water,O,1.0,1.33
0.40con_444.41nm_ps_loop2.jpg,0.04,444.41,2,polystyrene,styrene (vinylbenzene),C=CC1=CC=CC=C1,1.59,water,O,1.0,1.33
0.40con_444.41nm_ps_loop3.jpg,0.04,444.41,3,polystyrene,styrene (vinylbenzene),C=CC1=CC=CC=C1,1.59,water,O,1.0,1.33
0.40con_444.41nm_ps_loop4.jpg,0.04,444.41,4,polystyrene,styrene (vinylbenzene),C=CC1=CC=CC=C1,1.59,water,O,1.0,1.33
0.40con_60.53nm_ps_loop0.jpg,0.04,60.53,0,polystyrene,styrene (vinylbenzene),C=CC1=CC=CC=C1,1.59,water,O,1.0,1.33
0.40con_60.53nm_ps_loop1.jpg,0.04,60.53,1,polystyrene,styrene (vinylbenzene),C=CC1=CC=CC=C1,1.59,water,O,1.0,1.33
0.40con_60.53nm_ps_loop2.jpg,0.04,60.53,2,polystyrene,styrene (vinylbenzene),C=CC1=CC=CC=C1,1.59,water,O,1.0,1.33
0.40con_60.53nm_ps_loop3.jpg,0.04,60.53,3,polystyrene,styrene (vinylbenzene),C=CC1=CC=CC=C1,1.59,water,O,1.0,1.33
0.40con_60.53nm_ps_loop4.jpg,0.04,60.53,4,polystyrene,styrene (vinylbenzene),C=CC1=CC=CC=C1,1.59,water,O,1.0,1.33
0.40con_68.65nm_PS_loop0.jpg,0.04,68.65,0,polystyrene,styrene (vinylbenzene),C=CC1=CC=CC=C1,1.59,water,O,1.0,1.33
0.40con_68.65nm_PS_loop1.jpg,0.04,68.65,1,polystyrene,styrene (vinylbenzene),C=CC1=CC=CC=C1,1.59,water,O,1.0,1.33
0.40con_68.65nm_PS_loop2.jpg,0.04,68.65,2,polystyrene,styrene (vinylbenzene),C=CC1=CC=CC=C1,1.59,water,O,1.0,1.33
0.40con_68.65nm_PS_loop3.jpg,0.04,68.65,3,polystyrene,styrene (vinylbenzene),C=CC1=CC=CC=C1,1.59,water,O,1.0,1.33
0.40con_68.65nm_PS_loop4.jpg,0.04,68.65,4,polystyrene,styrene (vinylbenzene),C=CC1=CC=CC=C1,1.59,water,O,1.0,1.33
0.40con_83.23nm_PS_loop0.jpg,0.04,83.23,0,polystyrene,styrene (vinylbenzene),C=CC1=CC=CC=C1,1.59,water,O,1.0,1.33
0.40con_83.23nm_PS_loop1.jpg,0.04,83.23,1,polystyrene,styrene (vinylbenzene),C=CC1=CC=CC=C1,1.59,water,O,1.0,1.33
0.40con_83.23nm_PS_loop2.jpg,0.04,83.23,2,polystyrene,styrene (vinylbenzene),C=CC1=CC=CC=C1,1.59,water,O,1.0,1.33
0.40con_83.23nm_PS_loop3.jpg,0.04,83.23,3,polystyrene,styrene (vinylbenzene),C=CC1=CC=CC=C1,1.59,water,O,1.0,1.33
0.40con_83.23nm_PS_loop4.jpg,0.04,83.23,4,polystyrene,styrene (vinylbenzene),C=CC1=CC=CC=C1,1.59,water,O,1.0,1.33
